timestamp,elapsed_time,alpha,alpha_geo,alpha_vel,alpha_alignment
1772463658.085180,0.017728,0.375264,0.276088,0.854804,0.000000
1772463658.087655,0.020203,0.381012,0.276088,0.716087,0.000000
1772463658.099917,0.032465,0.375669,0.276088,0.529178,0.000000
1772463658.112151,0.044699,0.371338,0.276088,0.543911,0.000000
1772463658.125154,0.057702,0.371737,0.288067,0.613448,0.000000
1772463658.137927,0.070475,0.361672,0.276088,0.407395,0.000000
1772463658.149829,0.082377,0.381934,0.276088,0.962113,0.000000
1772463658.162445,0.094994,0.397635,0.276088,0.889532,0.000000
1772463658.175040,0.107589,0.404527,0.288067,0.740362,0.000000
1772463658.187823,0.120371,0.392223,0.288067,0.377972,0.000000
1772463658.199641,0.132189,0.376745,0.276088,0.242539,0.000000
1772463658.212609,0.145157,0.395884,0.276088,0.953940,0.000000
1772463658.225239,0.157787,0.393318,0.276088,0.595304,0.000000
1772463658.237605,0.170153,0.384580,0.276088,0.469092,0.000000
1772463658.249575,0.182124,0.378123,0.276088,0.509956,0.000000
1772463658.262276,0.194824,0.378316,0.276088,0.627679,0.000000
1772463658.275223,0.207771,0.387240,0.276088,0.769543,0.000000
1772463658.287565,0.220113,0.402165,0.288067,0.867985,0.000000
1772463658.300549,0.233097,0.386789,0.288067,0.260311,0.000000
1772463658.313128,0.245676,0.370572,0.276088,0.182111,0.000000
1772463658.325009,0.257557,0.385396,0.276088,0.862898,0.000000
1772463658.337325,0.269873,0.389519,0.288067,0.686171,0.000000
1772463658.350058,0.282607,0.388141,0.288067,0.598560,0.000000
1772463658.362874,0.295422,0.376472,0.276088,0.384384,0.000000
1772463658.375148,0.307696,0.389580,0.276088,0.837790,0.000000
1772463658.387033,0.319582,0.379720,0.276088,0.436994,0.000000
1772463658.399603,0.332151,0.368493,0.276088,0.384989,0.000000
1772463658.412127,0.344676,0.360319,0.276088,0.452863,0.000000
1772463658.425215,0.357764,0.359038,0.276088,0.586523,0.000000
1772463658.437120,0.369668,0.367051,0.276088,0.739358,0.000000
1772463658.449548,0.382097,0.381725,0.276088,0.857045,0.000000
1772463658.462309,0.394857,0.399473,0.276088,0.929675,0.000000
1772463658.474504,0.407053,0.418188,0.276088,0.969858,0.000000
1772463658.487400,0.419948,0.436822,0.276088,0.989932,0.000000
1772463658.499360,0.431908,0.454851,0.276088,0.997952,0.000000
1772463658.512032,0.444580,0.472028,0.276088,0.999168,0.000000
1772463658.524586,0.457135,0.488291,0.276088,0.997796,0.000000
1772463658.536844,0.469393,0.503678,0.276088,0.996235,0.000000
1772463658.549553,0.482101,0.518261,0.276088,0.995389,0.000000
1772463658.562080,0.494628,0.532596,0.288067,0.995468,0.000000
1772463658.574880,0.507428,0.509779,0.276088,0.225040,0.000000
1772463658.586622,0.519170,0.512401,0.276088,0.773943,0.000000
1772463658.599447,0.531996,0.522857,0.276088,0.914308,0.000000
1772463658.612285,0.544833,0.524765,0.276088,0.772977,0.000000
1772463658.624595,0.557143,0.525612,0.288067,0.745372,0.000000
1772463658.637071,0.569620,0.505737,0.276088,0.340365,0.000000
1772463658.648792,0.581340,0.518494,0.276088,0.955400,0.000000
1772463658.661931,0.594479,0.525048,0.276088,0.847356,0.000000
1772463658.674340,0.606889,0.523599,0.276088,0.720756,0.000000
1772463658.687043,0.619591,0.523704,0.276088,0.744503,0.000000
1772463658.698929,0.631477,0.527487,0.276088,0.804470,0.000000
1772463658.711944,0.644492,0.535114,0.276088,0.874683,0.000000
1772463658.724739,0.657287,0.545549,0.276088,0.937105,0.000000
1772463658.737276,0.669825,0.557187,0.276088,0.975077,0.000000
1772463658.749053,0.681601,0.569370,0.288067,0.990252,0.000000
1772463658.761986,0.694534,0.544792,0.276088,0.229417,0.000000
1772463658.774410,0.706959,0.545876,0.276088,0.777402,0.000000
1772463658.787276,0.719824,0.554709,0.288067,0.903345,0.000000
1772463658.798842,0.731390,0.534042,0.276088,0.363116,0.000000
1772463658.811911,0.744459,0.545119,0.276088,0.949636,0.000000
1772463658.824415,0.756963,0.539108,0.288067,0.651392,0.000000
1772463658.837451,0.769999,0.524550,0.276088,0.501999,0.000000
1772463658.848892,0.781440,0.535548,0.276088,0.937825,0.000000
1772463658.861243,0.793791,0.527625,0.276088,0.623527,0.000000
1772463658.874599,0.807147,0.516908,0.276088,0.566953,0.000000
1772463658.887157,0.819706,0.510917,0.276088,0.640391,0.000000
1772463658.898920,0.831468,0.512442,0.276088,0.757119,0.000000
1772463658.912147,0.844695,0.520185,0.288067,0.851124,0.000000
1772463658.924550,0.857099,0.498759,0.276088,0.265251,0.000000
1772463658.937102,0.869650,0.506464,0.288067,0.838247,0.000000
1772463658.948979,0.881527,0.486408,0.276088,0.296075,0.000000
1772463658.962141,0.894689,0.501061,0.288067,0.964462,0.000000
1772463658.974530,0.907079,0.486784,0.276088,0.465512,0.000000
1772463658.987105,0.919653,0.492704,0.288067,0.797353,0.000000
1772463658.998970,0.931519,0.488054,0.276088,0.642571,0.000000
1772463659.012129,0.944677,0.487304,0.276088,0.702339,0.000000
1772463659.024482,0.957030,0.471590,0.288067,0.399057,0.000000
1772463659.037097,0.969645,0.473192,0.276088,0.726820,0.000000
1772463659.048925,0.981473,0.480841,0.276088,0.827076,0.000000
1772463659.062433,0.994981,0.472119,0.276088,0.560507,0.000000
1772463659.074441,1.006989,0.462106,0.288067,0.514896,0.000000
1772463659.088202,1.020750,0.449706,0.288067,0.451851,0.000000
1772463659.099598,1.032147,0.431551,0.276088,0.252790,0.000000
1772463659.113665,1.046213,0.449599,0.276088,0.991928,0.000000
1772463659.125922,1.058470,0.443919,0.276088,0.587672,0.000000
1772463659.137202,1.069750,0.432652,0.276088,0.469132,0.000000
1772463659.150329,1.082877,0.423915,0.276088,0.512534,0.000000
1772463659.164469,1.097018,0.421445,0.288067,0.609349,0.000000
1772463659.177191,1.109739,0.407598,0.276088,0.368238,0.000000
1772463659.187370,1.119918,0.423825,0.276088,0.925011,0.000000
1772463659.199890,1.132439,0.438444,0.276088,0.909072,0.000000
1772463659.212763,1.145311,0.444519,0.276088,0.772089,0.000000
1772463659.225902,1.158450,0.450256,0.276088,0.771543,0.000000
1772463659.238981,1.171529,0.459503,0.276088,0.834821,0.000000
1772463659.249099,1.181647,0.472222,0.276088,0.906789,0.000000
1772463659.262372,1.194921,0.486717,0.276088,0.956775,0.000000
1772463659.274998,1.207546,0.501667,0.276088,0.983779,0.000000
1772463659.288323,1.220872,0.516343,0.276088,0.995202,0.000000
1772463659.299230,1.231778,0.530439,0.276088,0.999001,0.000000
1772463659.312570,1.245118,0.543862,0.276088,0.999810,0.000000
1772463659.324539,1.257087,0.556607,0.276088,0.999622,0.000000
1772463659.337267,1.269815,0.568699,0.276088,0.999226,0.000000
1772463659.348985,1.281534,0.580174,0.276088,0.998933,0.000000
1772463659.362262,1.294810,0.591071,0.276088,0.998813,0.000000
1772463659.374782,1.307330,0.601424,0.276088,0.998854,0.000000
1772463659.387700,1.320249,0.611265,0.276088,0.998989,0.000000
1772463659.398995,1.331543,0.620621,0.276088,0.999154,0.000000
1772463659.412147,1.344695,0.629516,0.276088,0.999313,0.000000
1772463659.424941,1.357489,0.637971,0.276088,0.999461,0.000000
1772463659.438128,1.370677,0.646486,0.288067,0.999693,0.000000
1772463659.449461,1.382009,0.617903,0.276088,0.220930,0.000000
1772463659.462541,1.395089,0.615023,0.276088,0.772395,0.000000
1772463659.475095,1.407643,0.620288,0.276088,0.913126,0.000000
1772463659.487185,1.419733,0.616518,0.288067,0.747933,0.000000
1772463659.499411,1.431959,0.593249,0.276088,0.378776,0.000000
1772463659.512377,1.444925,0.602813,0.276088,0.982365,0.000000
1772463659.524331,1.456879,0.599519,0.276088,0.753513,0.000000
1772463659.537586,1.470134,0.589594,0.288067,0.631689,0.000000
1772463659.549014,1.481562,0.568609,0.276088,0.406641,0.000000
1772463659.562597,1.495145,0.580055,0.276088,0.998090,0.000000
1772463659.575046,1.507595,0.578772,0.276088,0.767607,0.000000
1772463659.587557,1.520105,0.570747,0.288067,0.645957,0.000000
1772463659.599339,1.531887,0.550660,0.295301,0.386145,0.000000
1772463659.612725,1.545273,0.526021,0.288067,0.154002,0.000000
1772463659.624030,1.556578,0.503594,0.276088,0.228495,0.000000
1772463659.637428,1.569976,0.509944,0.276088,0.830872,0.000000
1772463659.648943,1.581491,0.490376,0.288067,0.310745,0.000000
1772463659.662251,1.594799,0.499287,0.276088,0.864274,0.000000
1772463659.674826,1.607375,0.490607,0.276088,0.578371,0.000000
1772463659.687855,1.620404,0.474192,0.276088,0.395659,0.000000
1772463659.699006,1.631554,0.458949,0.288067,0.393880,0.000000
1772463659.712472,1.645020,0.452065,0.276088,0.574318,0.000000
1772463659.724521,1.657069,0.467971,0.276088,0.965785,0.000000
1772463659.737776,1.670324,0.470256,0.288067,0.722873,0.000000
1772463659.749239,1.681787,0.456466,0.276088,0.439642,0.000000
1772463659.762377,1.694925,0.472787,0.276088,0.980427,0.000000
1772463659.774703,1.707251,0.472464,0.276088,0.696941,0.000000
1772463659.787183,1.719731,0.467145,0.276088,0.614096,0.000000
1772463659.799852,1.732400,0.465223,0.276088,0.666476,0.000000
1772463659.812399,1.744947,0.469976,0.276088,0.772375,0.000000
1772463659.824739,1.757288,0.480466,0.276088,0.874465,0.000000
1772463659.836309,1.768857,0.494226,0.288067,0.937753,0.000000
1772463659.848915,1.781464,0.473836,0.276088,0.252267,0.000000
1772463659.862278,1.794827,0.480712,0.288067,0.802549,0.000000
1772463659.874601,1.807150,0.461777,0.276088,0.288869,0.000000
1772463659.887296,1.819844,0.476513,0.276088,0.950634,0.000000
1772463659.898933,1.831481,0.472615,0.276088,0.641605,0.000000
1772463659.912080,1.844629,0.462980,0.276088,0.534947,0.000000
1772463659.925316,1.857864,0.455873,0.288067,0.561941,0.000000
1772463659.938205,1.870753,0.442188,0.276088,0.423587,0.000000
1772463659.949172,1.881721,0.459570,0.276088,0.988687,0.000000
1772463659.962467,1.895015,0.468532,0.276088,0.837944,0.000000
1772463659.974589,1.907137,0.470188,0.276088,0.725232,0.000000
1772463659.987482,1.920030,0.473198,0.276088,0.748264,0.000000
1772463659.999021,1.931569,0.480767,0.276088,0.825710,0.000000
1772463660.012615,1.945164,0.492205,0.276088,0.902526,0.000000
1772463660.025110,1.957658,0.505704,0.276088,0.956865,0.000000
1772463660.038095,1.970643,0.520120,0.288067,0.981798,0.000000
1772463660.048737,1.981285,0.498126,0.276088,0.236078,0.000000
1772463660.061265,1.993814,0.500898,0.288067,0.754950,0.000000
1772463660.074722,2.007270,0.480713,0.276088,0.278156,0.000000
1772463660.087137,2.019686,0.493865,0.276088,0.937030,0.000000
1772463660.098696,2.031244,0.488241,0.276088,0.627188,0.000000
1772463660.112072,2.044620,0.476664,0.288067,0.499297,0.000000
1772463660.125245,2.057793,0.466199,0.276088,0.522289,0.000000
1772463660.137412,2.069961,0.482468,0.288067,0.978823,0.000000
1772463660.149454,2.082002,0.467641,0.276088,0.428576,0.000000
1772463660.162289,2.094837,0.481994,0.288067,0.936711,0.000000
1772463660.175081,2.107629,0.471908,0.276088,0.535291,0.000000
1772463660.187240,2.119789,0.478480,0.276088,0.807793,0.000000
1772463660.199164,2.131712,0.465680,0.276088,0.473668,0.000000
1772463660.212203,2.144752,0.452320,0.276088,0.444746,0.000000
1772463660.224820,2.157368,0.443564,0.276088,0.532233,0.000000
1772463660.237456,2.170004,0.442409,0.288067,0.647764,0.000000
1772463660.249226,2.181775,0.426783,0.276088,0.343523,0.000000
1772463660.262256,2.194804,0.441433,0.276088,0.912589,0.000000
1772463660.274832,2.207380,0.455558,0.276088,0.916723,0.000000
1772463660.286800,2.219348,0.461546,0.276088,0.784628,0.000000
1772463660.298863,2.231411,0.467014,0.276088,0.781020,0.000000
1772463660.311888,2.244437,0.475797,0.276088,0.841315,0.000000
1772463660.324799,2.257348,0.487940,0.276088,0.911469,0.000000
1772463660.337219,2.269767,0.501821,0.276088,0.960585,0.000000
1772463660.349155,2.281703,0.516084,0.276088,0.985405,0.000000
1772463660.361881,2.294429,0.530058,0.276088,0.995659,0.000000
1772463660.374173,2.306722,0.543474,0.276088,0.999147,0.000000
1772463660.387292,2.319840,0.556723,0.288067,0.999938,0.000000
1772463660.398873,2.331421,0.532548,0.288067,0.204296,0.000000
1772463660.412099,2.344647,0.508470,0.276088,0.139151,0.000000
1772463660.424579,2.357127,0.516388,0.288067,0.850719,0.000000
1772463660.437249,2.369797,0.500803,0.288067,0.440477,0.000000
1772463660.448922,2.381470,0.483758,0.288067,0.380131,0.000000
1772463660.462653,2.395201,0.468100,0.288067,0.395657,0.000000
1772463660.474554,2.407102,0.461206,0.276088,0.582483,0.000000
1772463660.487182,2.419731,0.445935,0.276088,0.385910,0.000000
1772463660.498792,2.431340,0.427170,0.276088,0.208541,0.000000
1772463660.512100,2.444648,0.409380,0.276088,0.210717,0.000000
1772463660.524605,2.457154,0.393931,0.276088,0.285348,0.000000
1772463660.537058,2.469606,0.383395,0.276088,0.424970,0.000000
1772463660.548883,2.481431,0.380263,0.276088,0.573848,0.000000
1772463660.561911,2.494459,0.377596,0.288067,0.567515,0.000000
1772463660.575094,2.507642,0.363529,0.276088,0.275983,0.000000
1772463660.587177,2.519725,0.378508,0.276088,0.859346,0.000000
1772463660.598819,2.531367,0.395959,0.276088,0.920335,0.000000
1772463660.612178,2.544726,0.403409,0.276088,0.759982,0.000000
1772463660.624670,2.557218,0.409435,0.288067,0.731090,0.000000
1772463660.637240,2.569789,0.395556,0.288067,0.334996,0.000000
1772463660.648830,2.581379,0.379417,0.276088,0.214936,0.000000
1772463660.662042,2.594590,0.394281,0.288067,0.859671,0.000000
1772463660.674459,2.607007,0.385361,0.288067,0.453955,0.000000
1772463660.687749,2.620297,0.374405,0.276088,0.401432,0.000000
1772463660.699160,2.631708,0.379954,0.276088,0.712209,0.000000
1772463660.711694,2.644242,0.367963,0.276088,0.361066,0.000000
1772463660.724866,2.657415,0.355559,0.276088,0.325216,0.000000
1772463660.737374,2.669922,0.345829,0.276088,0.393689,0.000000
1772463660.749170,2.681718,0.341976,0.276088,0.523746,0.000000
1772463660.762462,2.695010,0.346304,0.288067,0.654360,0.000000
1772463660.774567,2.707115,0.335258,0.288067,0.323470,0.000000
1772463660.787212,2.719760,0.321953,0.276088,0.203936,0.000000
1772463660.798930,2.731478,0.340103,0.276088,0.879238,0.000000
1772463660.812308,2.744856,0.350495,0.276088,0.762394,0.000000
1772463660.825078,2.757626,0.347978,0.276088,0.554598,0.000000
1772463660.837872,2.770421,0.344825,0.288067,0.527894,0.000000
1772463660.849271,2.781819,0.341079,0.276088,0.524893,0.000000
1772463660.862342,2.794890,0.363960,0.276088,0.999547,0.000000
1772463660.875062,2.807610,0.374816,0.288067,0.777379,0.000000
1772463660.887818,2.820366,0.366827,0.276088,0.464934,0.000000
1772463660.899189,2.831738,0.387858,0.276088,0.985824,0.000000
1772463660.912528,2.845076,0.392167,0.276088,0.703136,0.000000
1772463660.924869,2.857417,0.391152,0.276088,0.619061,0.000000
1772463660.937832,2.870380,0.393257,0.276088,0.670189,0.000000
1772463660.949263,2.881811,0.401125,0.288067,0.752567,0.000000
1772463660.962084,2.894632,0.387087,0.288067,0.314140,0.000000
1772463660.975087,2.907635,0.371146,0.276088,0.201193,0.000000
1772463660.987665,2.920213,0.388263,0.276088,0.906389,0.000000
1772463660.999338,2.931886,0.397488,0.276088,0.782547,0.000000
1772463661.012523,2.945071,0.391301,0.276088,0.528765,0.000000
1772463661.024304,2.956852,0.384976,0.276088,0.519671,0.000000
1772463661.036380,2.968928,0.384045,0.276088,0.614350,0.000000
1772463661.048878,2.981426,0.391817,0.276088,0.755565,0.000000
1772463661.062254,2.994802,0.406588,0.276088,0.881359,0.000000
1772463661.074597,3.007145,0.424247,0.276088,0.954178,0.000000
1772463661.087167,3.019715,0.442324,0.276088,0.983860,0.000000
1772463661.098839,3.031388,0.459917,0.276088,0.993969,0.000000
1772463661.112694,3.045243,0.476753,0.276088,0.997003,0.000000
1772463661.125129,3.057678,0.492773,0.276088,0.997639,0.000000
1772463661.137541,3.070090,0.507988,0.276088,0.997532,0.000000
1772463661.149389,3.081937,0.522907,0.288067,0.997237,0.000000
1772463661.162305,3.094853,0.500599,0.276088,0.226439,0.000000
1772463661.174753,3.107301,0.503320,0.288067,0.756136,0.000000
1772463661.187467,3.120015,0.483184,0.276088,0.285765,0.000000
1772463661.198813,3.131361,0.495533,0.276088,0.923016,0.000000
1772463661.212159,3.144707,0.489423,0.276088,0.620319,0.000000
1772463661.224516,3.157064,0.478461,0.276088,0.525169,0.000000
1772463661.237657,3.170205,0.471066,0.276088,0.582780,0.000000
1772463661.249068,3.181616,0.470378,0.288067,0.677702,0.000000
1772463661.262270,3.194819,0.453269,0.276088,0.340506,0.000000
1772463661.274621,3.207170,0.467588,0.276088,0.932737,0.000000
1772463661.287575,3.220124,0.479673,0.276088,0.902296,0.000000
1772463661.298961,3.231509,0.483606,0.276088,0.770804,0.000000
1772463661.312230,3.244778,0.486792,0.288067,0.749906,0.000000
1772463661.324977,3.257525,0.468760,0.276088,0.336809,0.000000
1772463661.337459,3.270007,0.483271,0.276088,0.953341,0.000000
1772463661.348865,3.281413,0.492276,0.276088,0.859578,0.000000
1772463661.362140,3.294688,0.492213,0.288067,0.704746,0.000000
1772463661.374764,3.307312,0.475485,0.276088,0.388759,0.000000
1772463661.387069,3.319617,0.491261,0.276088,0.990101,0.000000
1772463661.398711,3.331260,0.495212,0.276088,0.780510,0.000000
1772463661.411845,3.344393,0.492210,0.276088,0.671756,0.000000
1772463661.424547,3.357095,0.490925,0.288067,0.685106,0.000000
1772463661.437113,3.369661,0.473269,0.276088,0.357182,0.000000
1772463661.448873,3.381421,0.487977,0.276088,0.962674,0.000000
1772463661.461993,3.394541,0.496811,0.276088,0.860742,0.000000
1772463661.474344,3.406893,0.496921,0.288067,0.711143,0.000000
1772463661.487251,3.419799,0.480394,0.293236,0.384452,0.000000
1772463661.498832,3.431380,0.458452,0.289683,0.082663,0.000000
1772463661.511889,3.444438,0.437395,0.321007,0.028950,0.000000
1772463661.524442,3.456990,0.417619,0.362583,0.011348,0.000000
1772463661.537383,3.469931,0.399008,0.382575,0.008232,0.000000
1772463661.548923,3.481472,0.381345,0.382575,0.009901,0.000000
1772463661.562023,3.494571,0.364607,0.378544,0.017667,0.000000
1772463661.574725,3.507273,0.349017,0.379587,0.043106,0.000000
1772463661.587612,3.520160,0.334412,0.359630,0.078854,0.000000
1772463661.598923,3.531471,0.320038,0.345973,0.051757,0.000000
1772463661.612131,3.544679,0.306214,0.366439,0.015743,0.000000
1772463661.624695,3.557243,0.293032,0.366439,0.011007,0.000000
1772463661.637873,3.570421,0.280646,0.378946,0.011436,0.000000
1772463661.649225,3.581774,0.269144,0.398876,0.014807,0.000000
1772463661.662660,3.595209,0.258416,0.408223,0.021408,0.000000
1772463661.675147,3.607696,0.249001,0.441671,0.041324,0.000000
1772463661.686655,3.619203,0.240562,0.440149,0.071992,0.000000
1772463661.699205,3.631753,0.232912,0.437684,0.093579,0.000000
1772463661.712230,3.644778,0.228623,0.438896,0.209651,0.000000
1772463661.725056,3.657605,0.237633,0.448319,0.477910,0.000000
1772463661.738229,3.670777,0.234410,0.423096,0.264246,0.000000
1772463661.749312,3.681860,0.238772,0.414712,0.436040,0.000000
1772463661.762647,3.695196,0.235561,0.410595,0.278678,0.000000
1772463661.775227,3.707775,0.229221,0.402306,0.176975,0.000000
1772463661.787222,3.719770,0.222251,0.394355,0.142523,0.000000
1772463661.798971,3.731519,0.214619,0.369917,0.111536,0.000000
1772463661.812244,3.744792,0.206416,0.358150,0.055257,0.000000
1772463661.824788,3.757336,0.198203,0.349450,0.025962,0.000000
1772463661.837343,3.769892,0.190202,0.339810,0.014898,0.000000
1772463661.848882,3.781431,0.182508,0.333591,0.010661,0.000000
1772463661.862240,3.794788,0.175234,0.340314,0.008085,0.000000
1772463661.874781,3.807330,0.168386,0.348212,0.006959,0.000000
1772463661.886340,3.818888,0.161939,0.354354,0.007100,0.000000
1772463661.898775,3.831323,0.155962,0.369243,0.007348,0.000000
1772463661.912029,3.844578,0.150483,0.387287,0.008010,0.000000
1772463661.924640,3.857189,0.145400,0.397302,0.008784,0.000000
1772463661.937334,3.869883,0.140705,0.407859,0.009529,0.000000
1772463661.948919,3.881467,0.136391,0.418852,0.010118,0.000000
1772463661.962198,3.894746,0.132447,0.430171,0.010520,0.000000
1772463661.974503,3.907051,0.129034,0.453303,0.010798,0.000000
1772463661.987851,3.920399,0.126173,0.478792,0.009389,0.000000
1772463661.998827,3.931375,0.124079,0.511794,0.011118,0.000000
1772463662.012245,3.944793,0.122259,0.521570,0.009983,0.000000
1772463662.024550,3.957098,0.120875,0.539014,0.009151,0.000000
1772463662.037516,3.970064,0.120302,0.573435,0.007220,0.000000
1772463662.048872,3.981420,0.119937,0.584531,0.003397,0.000000
1772463662.062231,3.994780,0.119517,0.581815,0.003149,0.000000
1772463662.074671,4.007220,0.119204,0.584706,0.003712,0.000000
1772463662.087288,4.019836,0.119232,0.595158,0.005935,0.000000
1772463662.098966,4.031514,0.119579,0.596901,0.016042,0.000000
1772463662.112244,4.044792,0.120732,0.596409,0.044865,0.000000
1772463662.124791,4.057340,0.122361,0.606075,0.052164,0.000000
1772463662.137320,4.069868,0.123272,0.612698,0.025216,0.000000
1772463662.149319,4.081867,0.123991,0.613540,0.019480,0.000000
1772463662.162019,4.094567,0.124346,0.599931,0.021781,0.000000
1772463662.174592,4.107140,0.124473,0.590663,0.023583,0.000000
1772463662.187236,4.119784,0.123861,0.558237,0.028131,0.000000
1772463662.198850,4.131398,0.122978,0.544659,0.029326,0.000000
1772463662.212166,4.144714,0.121798,0.519673,0.039504,0.000000
1772463662.224651,4.157199,0.119975,0.485129,0.040495,0.000000
1772463662.237760,4.170308,0.117751,0.465971,0.032974,0.000000
1772463662.248949,4.181497,0.115382,0.453495,0.030275,0.000000
1772463662.262159,4.194707,0.113042,0.450493,0.027777,0.000000
1772463662.274783,4.207332,0.110872,0.456070,0.025507,0.000000
1772463662.287766,4.220315,0.108555,0.444691,0.020499,0.000000
1772463662.298830,4.231378,0.106144,0.429012,0.021893,0.000000
1772463662.312338,4.244886,0.103792,0.415674,0.030788,0.000000
1772463662.324729,4.257277,0.101901,0.426423,0.043526,0.000000
1772463662.337428,4.269977,0.099892,0.411406,0.044319,0.000000
1772463662.348936,4.281484,0.098226,0.418469,0.053431,0.000000
1772463662.362187,4.294735,0.096899,0.440321,0.047436,0.000000
1772463662.374932,4.307480,0.095153,0.417125,0.039530,0.000000
1772463662.387717,4.320265,0.093784,0.451663,0.024009,0.000000
1772463662.398987,4.331535,0.092082,0.430156,0.018645,0.000000
1772463662.412227,4.344775,0.090133,0.411048,0.012788,0.000000
1772463662.424902,4.357450,0.088127,0.403012,0.008104,0.000000
1772463662.437717,4.370265,0.086185,0.402192,0.005934,0.000000
1772463662.448862,4.381410,0.084548,0.420161,0.004975,0.000000
1772463662.462175,4.394723,0.083091,0.427968,0.004831,0.000000
1772463662.474864,4.407413,0.081765,0.432086,0.005141,0.000000
1772463662.487591,4.420139,0.080623,0.439965,0.005880,0.000000
1772463662.498969,4.431517,0.079691,0.449882,0.006707,0.000000
1772463662.512380,4.444928,0.079221,0.472877,0.010666,0.000000
1772463662.524863,4.457411,0.080109,0.472877,0.080912,0.000000
1772463662.537956,4.470504,0.086995,0.517648,0.226660,0.000000
1772463662.548794,4.481342,0.089302,0.539952,0.085360,0.000000
1772463662.562165,4.494713,0.092979,0.576488,0.096072,0.000000
1772463662.574837,4.507385,0.097427,0.591176,0.108159,0.000000
1772463662.588050,4.520598,0.099752,0.616545,0.026866,0.000000
1772463662.598680,4.531228,0.102102,0.635540,0.012374,0.000000
1772463662.611925,4.544473,0.104767,0.652584,0.008850,0.000000
1772463662.624451,4.556999,0.107664,0.664314,0.008059,0.000000
1772463662.637214,4.569763,0.111141,0.685014,0.007908,0.000000
1772463662.648810,4.581358,0.113946,0.669800,0.009125,0.000000
1772463662.661264,4.593812,0.117663,0.697415,0.010339,0.000000
1772463662.674384,4.606932,0.120182,0.664437,0.015661,0.000000
1772463662.687181,4.619729,0.123123,0.680407,0.014973,0.000000
1772463662.698825,4.631373,0.126004,0.681738,0.015998,0.000000
1772463662.711875,4.644423,0.128874,0.687684,0.013611,0.000000
1772463662.724841,4.657389,0.131622,0.689969,0.011910,0.000000
1772463662.737368,4.669916,0.133873,0.681360,0.010813,0.000000
1772463662.748795,4.681343,0.134472,0.639637,0.006841,0.000000
1772463662.761880,4.694428,0.134993,0.637928,0.007046,0.000000
1772463662.774486,4.707034,0.134230,0.596060,0.004945,0.000000
1772463662.787098,4.719646,0.132773,0.565869,0.005738,0.000000
1772463662.798619,4.731167,0.130635,0.530264,0.007018,0.000000
1772463662.811826,4.744374,0.127900,0.491250,0.008983,0.000000
1772463662.824418,4.756966,0.125353,0.491250,0.011896,0.000000
1772463662.837142,4.769690,0.122370,0.455624,0.013411,0.000000
1772463662.848834,4.781383,0.118856,0.406868,0.012836,0.000000
1772463662.861868,4.794416,0.115096,0.373578,0.009111,0.000000
1772463662.874443,4.806992,0.111369,0.361531,0.005698,0.000000
1772463662.887164,4.819712,0.107442,0.318585,0.004763,0.000000
1772463662.898945,4.831494,0.103622,0.300121,0.011727,0.000000
1772463662.911898,4.844446,0.099876,0.288209,0.007459,0.000000
1772463662.924453,4.857001,0.096284,0.285580,0.005358,0.000000
1772463662.937276,4.869824,0.092902,0.290061,0.005127,0.000000
1772463662.948863,4.881412,0.089809,0.306958,0.004885,0.000000
1772463662.962042,4.894590,0.086921,0.314258,0.004127,0.000000
1772463662.974407,4.906956,0.084351,0.335302,0.004373,0.000000
1772463662.987059,4.919607,0.082115,0.354427,0.008055,0.000000
1772463662.998832,4.931380,0.080276,0.377221,0.013334,0.000000
1772463663.012010,4.944558,0.078627,0.374680,0.024740,0.000000
1772463663.024392,4.956940,0.078217,0.459781,0.024210,0.000000
1772463663.037096,4.969645,0.078297,0.477682,0.033332,0.000000
1772463663.048858,4.981407,0.078628,0.491916,0.032627,0.000000
1772463663.062037,4.994585,0.079050,0.494423,0.035582,0.000000
1772463663.074484,5.007032,0.079521,0.497128,0.036393,0.000000
1772463663.086319,5.018868,0.079946,0.502350,0.030036,0.000000
1772463663.098901,5.031449,0.079711,0.495599,0.002616,0.000000
1772463663.112097,5.044646,0.079172,0.477561,0.001817,0.000000
1772463663.124687,5.057236,0.078315,0.454341,0.002422,0.000000
1772463663.137865,5.070413,0.077525,0.454190,0.004291,0.000000
1772463663.149484,5.082032,0.077085,0.471985,0.006700,0.000000
1772463663.161883,5.094431,0.076308,0.449390,0.005733,0.000000
1772463663.175291,5.107840,0.075920,0.470778,0.007347,0.000000
1772463663.187649,5.120197,0.075698,0.478078,0.009108,0.000000
1772463663.198807,5.131356,0.075796,0.494027,0.011032,0.000000
1772463663.211953,5.144501,0.076292,0.513671,0.012926,0.000000
1772463663.224517,5.157066,0.076947,0.520388,0.015410,0.000000
1772463663.237490,5.170038,0.078057,0.538763,0.019879,0.000000
1772463663.248973,5.181522,0.079336,0.540933,0.027588,0.000000
1772463663.262183,5.194731,0.081434,0.554356,0.049606,0.000000
1772463663.274617,5.207165,0.084677,0.554288,0.092918,0.000000
1772463663.287839,5.220387,0.085481,0.554838,0.007399,0.000000
1772463663.298822,5.231370,0.086107,0.555642,0.000391,0.000000
1772463663.311921,5.244469,0.086881,0.558124,0.005950,0.000000
1772463663.324472,5.257020,0.087410,0.551651,0.003193,0.000000
1772463663.337420,5.269968,0.087823,0.549013,0.001720,0.000000
1772463663.348909,5.281458,0.087824,0.530740,0.001219,0.000000
1772463663.361957,5.294506,0.087469,0.512339,0.001176,0.000000
1772463663.374565,5.307113,0.086624,0.483087,0.001273,0.000000
1772463663.387191,5.319739,0.085533,0.464243,0.001872,0.000000
1772463663.398974,5.331522,0.084199,0.442146,0.003458,0.000000
1772463663.412036,5.344585,0.083126,0.451720,0.007514,0.000000
1772463663.424640,5.357188,0.082077,0.453067,0.004098,0.000000
1772463663.437401,5.369949,0.081905,0.504381,0.003435,0.000000
1772463663.448867,5.381415,0.082378,0.537902,0.002649,0.000000
1772463663.462196,5.394744,0.085489,0.642650,0.001830,0.000000
1772463663.474576,5.407124,0.090426,0.700712,0.001692,0.000000
1772463663.487349,5.419897,0.096532,0.736276,0.001804,0.000000
1772463663.498942,5.431491,0.101661,0.718527,0.003108,0.000000
1772463663.512016,5.444564,0.104340,0.652588,0.008585,0.000000
1772463663.523967,5.456515,0.106040,0.572025,0.062157,0.000000
1772463663.537346,5.469894,0.118076,0.493225,0.380105,0.000000
1772463663.548953,5.481501,0.114828,0.422795,0.001097,0.000000
1772463663.562069,5.494618,0.110867,0.339622,0.000553,0.000000
1772463663.574624,5.507173,0.106857,0.308578,0.000766,0.000000
1772463663.587912,5.520460,0.102955,0.295432,0.001118,0.000000
1772463663.598904,5.531452,0.099180,0.284529,0.001886,0.000000
1772463663.612208,5.544756,0.095669,0.294679,0.002841,0.000000
1772463663.625153,5.557701,0.092464,0.311029,0.004244,0.000000
1772463663.637985,5.570533,0.089659,0.339446,0.005139,0.000000
1772463663.649213,5.581761,0.086953,0.334304,0.005511,0.000000
1772463663.662444,5.594992,0.084866,0.382751,0.007288,0.000000
1772463663.674578,5.607127,0.082896,0.382586,0.008503,0.000000
1772463663.687664,5.620212,0.081304,0.405201,0.010310,0.000000
1772463663.699254,5.631802,0.080169,0.432995,0.011691,0.000000
1772463663.712275,5.644824,0.079119,0.434566,0.012165,0.000000
1772463663.725124,5.657672,0.079259,0.502514,0.014163,0.000000
1772463663.737457,5.670005,0.080403,0.547533,0.017748,0.000000
1772463663.748952,5.681501,0.082079,0.567887,0.021858,0.000000
1772463663.762078,5.694627,0.085064,0.613963,0.025921,0.000000
1772463663.774664,5.707212,0.088347,0.618282,0.035923,0.000000
1772463663.787392,5.719940,0.093949,0.679847,0.043375,0.000000
1772463663.799281,5.731829,0.100988,0.709244,0.054411,0.000000
1772463663.812517,5.745065,0.111121,0.785265,0.048731,0.000000
1772463663.825212,5.757761,0.124265,0.829031,0.067953,0.000000
1772463663.837806,5.770354,0.145369,0.883910,0.153273,0.000000
1772463663.849377,5.781926,0.172370,0.919733,0.236003,0.000000
1772463663.862408,5.794956,0.205332,0.943935,0.375474,0.000000
1772463663.875039,5.807587,0.228040,0.965706,0.166504,0.000000
1772463663.888472,5.821020,0.239442,0.913369,0.051394,0.000000
1772463663.910499,5.843047,0.244871,0.854800,0.019650,0.000000
1772463663.913271,5.845819,0.249132,0.854800,0.003642,0.000000
1772463663.925837,5.858385,0.242150,0.578890,0.001932,0.000000
1772463663.938821,5.871369,0.234202,0.516032,0.004020,0.000000
1772463663.949242,5.881790,0.225237,0.416626,0.014247,0.000000
1772463663.961950,5.894499,0.215929,0.308298,0.051219,0.000000
1772463663.975341,5.907890,0.206433,0.254995,0.020433,0.000000
1772463663.986940,5.919488,0.196982,0.183168,0.010239,0.000000
1772463663.999461,5.932009,0.187899,0.159005,0.008430,0.000000
1772463664.011816,5.944364,0.179110,0.110719,0.009043,0.000000
1772463664.024583,5.957131,0.170717,0.098919,0.006006,0.000000
1772463664.038706,5.971254,0.162720,0.088140,0.007851,0.000000
1772463664.049375,5.981923,0.155116,0.086636,0.006707,0.000000
1772463664.062199,5.994747,0.147894,0.090352,0.003801,0.000000
1772463664.074735,6.007284,0.141039,0.093827,0.002703,0.000000
1772463664.086924,6.019472,0.134526,0.095740,0.000296,0.000000
1772463664.099303,6.031851,0.128328,0.092028,0.000223,0.000000
1772463664.112062,6.044610,0.122453,0.096814,0.000035,0.000000
1772463664.124682,6.057230,0.116872,0.097348,0.000043,0.000000
1772463664.138930,6.071479,0.111607,0.110312,0.000137,0.000000
1772463664.149501,6.082049,0.106640,0.121717,0.000655,0.000000
1772463664.162298,6.094846,0.102086,0.169718,0.000679,0.000000
1772463664.174666,6.107214,0.098088,0.242125,0.000236,0.000000
1772463664.187486,6.120034,0.094615,0.294944,0.000132,0.000000
1772463664.199570,6.132118,0.092580,0.426769,0.000240,0.000000
1772463664.212441,6.144990,0.091345,0.475775,0.000278,0.000000
1772463664.224255,6.156804,0.091874,0.564505,0.000297,0.000000
1772463664.237200,6.169748,0.093386,0.605132,0.000366,0.000000
1772463664.249511,6.182059,0.096059,0.647613,0.000469,0.000000
1772463664.263307,6.195855,0.098803,0.653890,0.000648,0.000000
1772463664.274738,6.207286,0.098890,0.560858,0.000932,0.000000
1772463664.287322,6.219871,0.098553,0.541329,0.001132,0.000000
1772463664.299741,6.232289,0.097871,0.523202,0.001310,0.000000
1772463664.312274,6.244822,0.095794,0.434445,0.001839,0.000000
1772463664.324931,6.257479,0.093066,0.368587,0.002206,0.000000
1772463664.337417,6.269965,0.090262,0.345133,0.002881,0.000000
1772463664.349925,6.282474,0.087078,0.275623,0.004340,0.000000
1772463664.362511,6.295059,0.084247,0.287088,0.020742,0.000000
1772463664.375068,6.307616,0.081643,0.274039,0.045130,0.000000
1772463664.387486,6.320035,0.079864,0.274039,0.119875,0.000000
1772463664.399915,6.332463,0.078142,0.267946,0.122992,0.000000
1772463664.412428,6.344976,0.076016,0.269513,0.070801,0.000000
1772463664.425129,6.357678,0.073705,0.269623,0.033682,0.000000
1772463664.437482,6.370030,0.071532,0.285943,0.020561,0.000000
1772463664.449559,6.382108,0.069362,0.279162,0.012408,0.000000
1772463664.462636,6.395185,0.067517,0.312426,0.008672,0.000000
1772463664.474951,6.407500,0.066428,0.385870,0.006473,0.000000
1772463664.488676,6.421224,0.065377,0.385870,0.005009,0.000000
1772463664.499636,6.432184,0.064535,0.400807,0.004083,0.000000
1772463664.512075,6.444624,0.064209,0.438677,0.003844,0.000000
1772463664.524075,6.456624,0.064558,0.482232,0.004043,0.000000
1772463664.537678,6.470226,0.066150,0.547839,0.004577,0.000000
1772463664.551261,6.483809,0.067805,0.552668,0.006231,0.000000
1772463664.563272,6.495821,0.070859,0.607839,0.009992,0.000000
1772463664.576266,6.508814,0.076170,0.674476,0.018266,0.000000
1772463664.589257,6.521805,0.084466,0.738007,0.033753,0.000000
1772463664.602456,6.535004,0.093149,0.731532,0.057321,0.000000
1772463664.614353,6.546901,0.103825,0.723106,0.113744,0.000000
1772463664.627018,6.559566,0.118994,0.679398,0.245491,0.000000
1772463664.638518,6.571066,0.134104,0.679398,0.257031,0.000000
1772463664.651756,6.584305,0.136980,0.536400,0.175700,0.000000
1772463664.663731,6.596279,0.134647,0.465019,0.073034,0.000000
1772463664.676129,6.608677,0.131935,0.465019,0.047595,0.000000
1772463664.689061,6.621609,0.127972,0.380292,0.041796,0.000000
1772463664.701113,6.633662,0.123772,0.345156,0.038996,0.000000
1772463664.713835,6.646384,0.119268,0.294470,0.034317,0.000000
1772463664.725552,6.658101,0.114744,0.273072,0.023218,0.000000
1772463664.737580,6.670129,0.110323,0.264006,0.013818,0.000000
1772463664.749831,6.682379,0.106202,0.281207,0.008659,0.000000
1772463664.762454,6.695002,0.102325,0.288748,0.006701,0.000000
1772463664.774945,6.707493,0.098912,0.324760,0.006303,0.000000
1772463664.787438,6.719987,0.095900,0.350486,0.006799,0.000000
1772463664.799201,6.731749,0.093624,0.404586,0.008185,0.000000
1772463664.812419,6.744967,0.093699,0.449615,0.099829,0.000000
1772463664.824468,6.757016,0.092925,0.488807,0.017864,0.000000
1772463664.837823,6.770371,0.092313,0.503388,0.009956,0.000000
1772463664.849486,6.782034,0.092041,0.519744,0.009809,0.000000
1772463664.862457,6.795005,0.091546,0.504839,0.012417,0.000000
1772463664.874205,6.806753,0.090777,0.483272,0.017621,0.000000
1772463664.887563,6.820111,0.090044,0.475135,0.025579,0.000000
1772463664.899173,6.831722,0.089201,0.459222,0.033011,0.000000
1772463664.912084,6.844632,0.088183,0.436837,0.042282,0.000000
1772463664.924538,6.857087,0.086937,0.419081,0.041876,0.000000
1772463664.937250,6.869799,0.085322,0.387956,0.041878,0.000000
1772463664.949191,6.881739,0.083345,0.353006,0.039558,0.000000
1772463664.962132,6.894681,0.081154,0.319337,0.042610,0.000000
1772463664.974575,6.907123,0.078548,0.252802,0.045212,0.000000
1772463664.987298,6.919847,0.076029,0.248906,0.042914,0.000000
1772463664.999226,6.931774,0.073430,0.222144,0.037156,0.000000
1772463665.012099,6.944648,0.070856,0.213450,0.027180,0.000000
1772463665.024591,6.957139,0.068358,0.211234,0.019426,0.000000
1772463665.037458,6.970006,0.066195,0.232434,0.035596,0.000000
1772463665.049209,6.981758,0.064272,0.247453,0.041166,0.000000
1772463665.062052,6.994601,0.062787,0.280508,0.053622,0.000000
1772463665.074695,7.007243,0.062345,0.313527,0.113614,0.000000
1772463665.087556,7.020104,0.065672,0.316221,0.301602,0.000000
1772463665.099298,7.031846,0.071408,0.319897,0.377365,0.000000
1772463665.112201,7.044749,0.070479,0.293911,0.128818,0.000000
1772463665.124490,7.057038,0.068794,0.281421,0.065435,0.000000
1772463665.137754,7.070302,0.066802,0.254427,0.043148,0.000000
1772463665.149729,7.082277,0.064787,0.245423,0.033846,0.000000
1772463665.162681,7.095230,0.062895,0.252959,0.029735,0.000000
1772463665.175042,7.107590,0.060985,0.243129,0.021580,0.000000
1772463665.186874,7.119423,0.059302,0.265879,0.019629,0.000000
1772463665.199740,7.132288,0.057704,0.269396,0.016303,0.000000
1772463665.212287,7.144835,0.056315,0.287916,0.016322,0.000000
1772463665.224693,7.157241,0.055194,0.313188,0.016822,0.000000
1772463665.237828,7.170376,0.054451,0.346817,0.019331,0.000000
1772463665.249506,7.182054,0.054618,0.398466,0.043215,0.000000
1772463665.262299,7.194847,0.055567,0.425927,0.067538,0.000000
1772463665.275087,7.207635,0.057565,0.479393,0.071050,0.000000
1772463665.287787,7.220335,0.060149,0.523327,0.056971,0.000000
1772463665.299317,7.231865,0.063414,0.567678,0.043938,0.000000
1772463665.312342,7.244890,0.066713,0.583797,0.034968,0.000000
1772463665.324961,7.257510,0.070411,0.608623,0.029422,0.000000
1772463665.337717,7.270266,0.074370,0.618637,0.033800,0.000000
1772463665.349508,7.282057,0.078074,0.613961,0.036680,0.000000
1772463665.362498,7.295047,0.081077,0.603262,0.030575,0.000000
1772463665.374851,7.307400,0.083053,0.579662,0.022951,0.000000
1772463665.387772,7.320320,0.083908,0.545526,0.015390,0.000000
1772463665.399209,7.331757,0.083499,0.490093,0.009545,0.000000
1772463665.411903,7.344451,0.083863,0.484303,0.054838,0.000000
1772463665.424434,7.356983,0.082609,0.437164,0.008210,0.000000
1772463665.437226,7.369774,0.081470,0.444611,0.004426,0.000000
1772463665.448961,7.381510,0.079910,0.408261,0.004028,0.000000
1772463665.462494,7.395042,0.079248,0.466921,0.005247,0.000000
1772463665.475164,7.407712,0.078470,0.454643,0.007797,0.000000
1772463665.487536,7.420084,0.078295,0.486534,0.010896,0.000000
1772463665.499220,7.431768,0.078095,0.483893,0.011626,0.000000
1772463665.511865,7.444413,0.077713,0.475216,0.008826,0.000000
1772463665.524853,7.457401,0.078508,0.537562,0.008407,0.000000
1772463665.537727,7.470275,0.081170,0.613155,0.009705,0.000000
1772463665.549304,7.481852,0.083778,0.613630,0.011997,0.000000
1772463665.562011,7.494559,0.088103,0.674097,0.009182,0.000000
1772463665.574819,7.507367,0.090020,0.605627,0.007823,0.000000
1772463665.587612,7.520160,0.091054,0.575784,0.007491,0.000000
1772463665.598909,7.531458,0.089989,0.474007,0.007900,0.000000
1772463665.611940,7.544488,0.088709,0.452651,0.012062,0.000000
1772463665.624620,7.557168,0.087121,0.419391,0.019261,0.000000
1772463665.637517,7.570065,0.085389,0.393422,0.027874,0.000000
1772463665.649086,7.581634,0.083693,0.391661,0.025572,0.000000
1772463665.661732,7.594280,0.081779,0.371711,0.019199,0.000000
1772463665.674673,7.607221,0.080036,0.382792,0.014969,0.000000
1772463665.687774,7.620322,0.078671,0.409654,0.012690,0.000000
1772463665.698877,7.631426,0.077556,0.423591,0.012838,0.000000
1772463665.711885,7.644433,0.076483,0.422589,0.012807,0.000000
1772463665.724287,7.656835,0.075899,0.452455,0.013650,0.000000
1772463665.737441,7.669989,0.075593,0.468516,0.013473,0.000000
1772463665.748875,7.681423,0.074755,0.433782,0.011731,0.000000
1772463665.761530,7.694078,0.073684,0.415485,0.009250,0.000000
1772463665.774697,7.707246,0.072878,0.433865,0.007003,0.000000
1772463665.787739,7.720287,0.072408,0.456306,0.005407,0.000000
1772463665.799009,7.731557,0.072117,0.467599,0.004324,0.000000
1772463665.811779,7.744328,0.071738,0.454374,0.010899,0.000000
1772463665.824409,7.756958,0.072040,0.467481,0.037928,0.000000
1772463665.837361,7.769910,0.073432,0.449865,0.110431,0.000000
1772463665.848855,7.781404,0.075245,0.499690,0.081504,0.000000
1772463665.861920,7.794468,0.077106,0.533338,0.053502,0.000000
1772463665.874757,7.807305,0.079710,0.566293,0.052102,0.000000
1772463665.887605,7.820153,0.083742,0.604441,0.064433,0.000000
1772463665.899312,7.831860,0.090466,0.657964,0.086810,0.000000
1772463665.912271,7.844819,0.098365,0.684854,0.093777,0.000000
1772463665.924899,7.857447,0.106739,0.737094,0.059729,0.000000
1772463665.937597,7.870145,0.115247,0.767611,0.040422,0.000000
1772463665.948996,7.881544,0.125495,0.822610,0.026824,0.000000
1772463665.961754,7.894302,0.136251,0.842789,0.025088,0.000000
1772463665.974723,7.907271,0.147030,0.847089,0.030716,0.000000
1772463665.987419,7.919968,0.157371,0.847786,0.031785,0.000000
1772463665.998980,7.931529,0.166554,0.828894,0.039368,0.000000
1772463666.011706,7.944254,0.174476,0.804842,0.048972,0.000000
1772463666.024804,7.957352,0.181695,0.786381,0.061812,0.000000
1772463666.037666,7.970214,0.187298,0.757277,0.067280,0.000000
1772463666.048865,7.981413,0.190933,0.722845,0.067964,0.000000
1772463666.061573,7.994121,0.191360,0.659452,0.062626,0.000000
1772463666.074415,8.006964,0.191494,0.659452,0.055754,0.000000
1772463666.087657,8.020206,0.189039,0.585473,0.055401,0.000000
1772463666.098923,8.031471,0.185435,0.551989,0.043700,0.000000
1772463666.111996,8.044544,0.180382,0.487699,0.035482,0.000000
1772463666.124643,8.057191,0.174907,0.460408,0.024924,0.000000
1772463666.137676,8.070224,0.168703,0.391355,0.023221,0.000000
1772463666.149043,8.081591,0.162603,0.378386,0.018399,0.000000
1772463666.162320,8.094869,0.156500,0.348263,0.018936,0.000000
1772463666.175235,8.107783,0.150441,0.318345,0.020120,0.000000
1772463666.187527,8.120076,0.144272,0.275850,0.007786,0.000000
1772463666.199414,8.131962,0.138279,0.257061,0.005387,0.000000
1772463666.212833,8.145381,0.132534,0.248726,0.004798,0.000000
1772463666.225049,8.157597,0.127015,0.237693,0.004811,0.000000
1772463666.237709,8.170257,0.121880,0.256080,0.005445,0.000000
1772463666.248933,8.181481,0.116964,0.248991,0.006161,0.000000
1772463666.261760,8.194308,0.112564,0.289528,0.007985,0.000000
1772463666.276007,8.208555,0.108390,0.288308,0.010097,0.000000
1772463666.287752,8.220300,0.104654,0.315405,0.013256,0.000000
1772463666.298964,8.231512,0.101353,0.339442,0.017676,0.000000
1772463666.311702,8.244250,0.098467,0.356457,0.026060,0.000000
1772463666.324727,8.257275,0.095897,0.354121,0.044354,0.000000
1772463666.337608,8.270157,0.093290,0.334980,0.048076,0.000000
1772463666.348980,8.281528,0.090371,0.300230,0.035941,0.000000
1772463666.361782,8.294331,0.087527,0.284672,0.042870,0.000000
1772463666.374884,8.307432,0.084856,0.270505,0.060780,0.000000
1772463666.387879,8.320427,0.082279,0.246214,0.080146,0.000000
1772463666.398765,8.331313,0.079635,0.226900,0.073757,0.000000
1772463666.411644,8.344193,0.076900,0.222036,0.044762,0.000000
1772463666.424581,8.357129,0.074131,0.202780,0.033815,0.000000
1772463666.437563,8.370111,0.071463,0.204284,0.025085,0.000000
1772463666.448801,8.381349,0.068920,0.203514,0.024212,0.000000
1772463666.461553,8.394101,0.066504,0.203514,0.024028,0.000000
1772463666.474238,8.406786,0.064231,0.204788,0.027304,0.000000
1772463666.487254,8.419802,0.062061,0.199627,0.030307,0.000000
1772463666.498817,8.431365,0.059987,0.197809,0.029694,0.000000
1772463666.511599,8.444148,0.058004,0.195742,0.029183,0.000000
1772463666.524324,8.456873,0.056151,0.202207,0.028776,0.000000
1772463666.537212,8.469760,0.054392,0.202207,0.029190,0.000000
1772463666.548813,8.481361,0.052732,0.202207,0.031211,0.000000
1772463666.561932,8.494481,0.051128,0.195742,0.032514,0.000000
1772463666.574340,8.506889,0.049632,0.195742,0.037862,0.000000
1772463666.587173,8.519722,0.048252,0.195742,0.045603,0.000000
1772463666.598900,8.531448,0.047060,0.202207,0.060167,0.000000
1772463666.611687,8.544235,0.046138,0.220736,0.074420,0.000000
1772463666.624374,8.556923,0.045482,0.220614,0.103981,0.000000
1772463666.637193,8.569741,0.045099,0.221067,0.131592,0.000000
1772463666.648895,8.581444,0.044956,0.222091,0.153703,0.000000
1772463666.661823,8.594371,0.044800,0.214755,0.158978,0.000000
1772463666.674395,8.606943,0.044918,0.214755,0.184044,0.000000
1772463666.687058,8.619607,0.045372,0.214755,0.212624,0.000000
1772463666.698833,8.631382,0.046224,0.214755,0.243298,0.000000
1772463666.711593,8.644141,0.047520,0.214755,0.274449,0.000000
1772463666.724305,8.656853,0.049297,0.214755,0.304899,0.000000
1772463666.737543,8.670091,0.051006,0.192686,0.328145,0.000000
1772463666.748929,8.681477,0.051376,0.209034,0.234915,0.000000
1772463666.762535,8.695083,0.052482,0.204866,0.288279,0.000000
1772463666.774951,8.707500,0.054022,0.204866,0.315446,0.000000
1772463666.787859,8.720407,0.055739,0.216457,0.316766,0.000000
1772463666.799264,8.731812,0.058792,0.216343,0.379065,0.000000
1772463666.812156,8.744704,0.061139,0.213972,0.358974,0.000000
1772463666.824454,8.757002,0.062063,0.226531,0.283999,0.000000
1772463666.837252,8.769800,0.061572,0.226736,0.193561,0.000000
1772463666.848820,8.781369,0.060396,0.226736,0.127351,0.000000
1772463666.861779,8.794327,0.058945,0.213581,0.100461,0.000000
1772463666.874517,8.807066,0.057609,0.213581,0.105867,0.000000
1772463666.887185,8.819733,0.056403,0.213581,0.113973,0.000000
1772463666.898936,8.831484,0.055332,0.212612,0.123912,0.000000
1772463666.911497,8.844045,0.054446,0.214452,0.137177,0.000000
1772463666.924369,8.856917,0.053516,0.198999,0.142616,0.000000
1772463666.937357,8.869906,0.052769,0.202767,0.154074,0.000000
1772463666.948987,8.881535,0.051851,0.191962,0.141055,0.000000
1772463666.961810,8.894358,0.050946,0.197319,0.131890,0.000000
1772463666.974401,8.906950,0.049960,0.197319,0.115716,0.000000
1772463666.987245,8.919793,0.049077,0.204315,0.115702,0.000000
1772463666.999039,8.931588,0.048170,0.201942,0.109196,0.000000
1772463667.011644,8.944192,0.047433,0.210340,0.116743,0.000000
1772463667.024662,8.957210,0.046731,0.213042,0.113870,0.000000
1772463667.037544,8.970093,0.046067,0.213042,0.114263,0.000000
1772463667.049043,8.981591,0.045481,0.213042,0.119672,0.000000
1772463667.062109,8.994658,0.044872,0.199602,0.126782,0.000000
1772463667.074937,9.007485,0.044023,0.187945,0.101842,0.000000
1772463667.087355,9.019904,0.042999,0.177173,0.077813,0.000000
1772463667.098948,9.031496,0.041866,0.167333,0.057704,0.000000
1772463667.111715,9.044263,0.040630,0.146434,0.043830,0.000000
1772463667.124578,9.057126,0.039414,0.145014,0.034997,0.000000
1772463667.137753,9.070301,0.038249,0.147984,0.029816,0.000000
1772463667.149272,9.081820,0.037182,0.158663,0.028754,0.000000
1772463667.162724,9.095273,0.036201,0.163179,0.031843,0.000000
1772463667.175248,9.107796,0.035307,0.185140,0.018666,0.000000
1772463667.187926,9.120475,0.034587,0.200042,0.030570,0.000000
1772463667.199881,9.132429,0.034396,0.214407,0.095619,0.000000
1772463667.213061,9.145610,0.034166,0.231248,0.072073,0.000000
1772463667.224947,9.157496,0.033897,0.273669,0.022710,0.000000
1772463667.237710,9.170258,0.033838,0.310393,0.012259,0.000000
1772463667.249249,9.181798,0.033757,0.310280,0.009193,0.000000
1772463667.262260,9.194809,0.033880,0.334749,0.008968,0.000000
1772463667.275013,9.207561,0.034260,0.363181,0.008785,0.000000
1772463667.288173,9.220721,0.034744,0.373595,0.010411,0.000000
1772463667.299367,9.231915,0.035419,0.391062,0.012531,0.000000
1772463667.312322,9.244870,0.035928,0.376590,0.015200,0.000000
1772463667.325106,9.257654,0.036522,0.384222,0.017481,0.000000
1772463667.337476,9.270025,0.037015,0.376084,0.019218,0.000000
1772463667.349336,9.281885,0.037414,0.369295,0.019685,0.000000
1772463667.362211,9.294759,0.037734,0.363841,0.019527,0.000000
1772463667.374692,9.307241,0.038176,0.375815,0.020370,0.000000
1772463667.387839,9.320388,0.038376,0.356877,0.018607,0.000000
1772463667.399332,9.331880,0.038792,0.373901,0.022850,0.000000
1772463667.412077,9.344626,0.039033,0.356877,0.025574,0.000000
1772463667.424589,9.357137,0.039477,0.360669,0.041442,0.000000
1772463667.437591,9.370139,0.039900,0.360745,0.041523,0.000000
1772463667.448923,9.381471,0.040338,0.365714,0.039657,0.000000
1772463667.462018,9.394567,0.040774,0.370022,0.037123,0.000000
1772463667.474762,9.407310,0.041296,0.382266,0.033851,0.000000
1772463667.487731,9.420279,0.041751,0.382266,0.030532,0.000000
1772463667.499206,9.431755,0.042571,0.413673,0.029359,0.000000
1772463667.512269,9.444818,0.043462,0.425298,0.025815,0.000000
1772463667.524566,9.457115,0.044759,0.456822,0.023978,0.000000
1772463667.537732,9.470281,0.046106,0.466003,0.021785,0.000000
1772463667.548997,9.481545,0.047746,0.489132,0.019434,0.000000
1772463667.561801,9.494349,0.049658,0.511422,0.015825,0.000000
1772463667.574620,9.507168,0.052233,0.548010,0.015115,0.000000
1772463667.587790,9.520338,0.054995,0.564164,0.012465,0.000000
1772463667.598960,9.531508,0.058141,0.585602,0.011949,0.000000
1772463667.612152,9.544701,0.061108,0.585602,0.011099,0.000000
1772463667.624729,9.557277,0.064737,0.614240,0.012010,0.000000
1772463667.637844,9.570393,0.069084,0.641443,0.014252,0.000000
1772463667.649251,9.581799,0.074030,0.663831,0.016199,0.000000
1772463667.662150,9.594698,0.079156,0.673505,0.018522,0.000000
1772463667.674742,9.607290,0.084796,0.696316,0.016198,0.000000
1772463667.688171,9.620719,0.091063,0.717574,0.017624,0.000000
1772463667.698884,9.631432,0.096539,0.704454,0.018996,0.000000
1772463667.711700,9.644248,0.102017,0.698015,0.032280,0.000000
1772463667.724784,9.657332,0.105661,0.679775,0.009960,0.000000
1772463667.737288,9.669837,0.108635,0.668301,0.007615,0.000000
1772463667.748857,9.681405,0.110590,0.641634,0.007870,0.000000
1772463667.761557,9.694106,0.111660,0.613258,0.010038,0.000000
1772463667.774854,9.707402,0.112550,0.606965,0.011874,0.000000
1772463667.787133,9.719681,0.111987,0.544561,0.018875,0.000000
1772463667.798862,9.731410,0.111303,0.518673,0.038054,0.000000
1772463667.811811,9.744359,0.110575,0.451760,0.101458,0.000000
1772463667.824622,9.757170,0.114420,0.351071,0.355625,0.000000
1772463667.837658,9.770206,0.110961,0.291273,0.098834,0.000000
1772463667.848850,9.781398,0.106666,0.255219,0.012648,0.000000
1772463667.861698,9.794246,0.102225,0.194266,0.004007,0.000000
1772463667.874748,9.807297,0.097888,0.166467,0.003054,0.000000
1772463667.887868,9.820417,0.093760,0.164606,0.002956,0.000000
1772463667.898913,9.831461,0.089760,0.142634,0.003074,0.000000
1772463667.911888,9.844436,0.085947,0.137644,0.003872,0.000000
1772463667.924839,9.857388,0.082325,0.136418,0.005475,0.000000
1772463667.937785,9.870333,0.078906,0.139154,0.009071,0.000000
1772463667.948927,9.881475,0.075644,0.133052,0.011190,0.000000
1772463667.961806,9.894355,0.072586,0.139124,0.016888,0.000000
1772463667.975258,9.907806,0.069749,0.147360,0.026859,0.000000
1772463667.988164,9.920713,0.067181,0.159059,0.045521,0.000000
1772463667.999344,9.931892,0.064996,0.172974,0.081326,0.000000
1772463668.012411,9.944959,0.064888,0.271997,0.187595,0.000000
1772463668.024940,9.957489,0.063773,0.271997,0.105408,0.000000
1772463668.038014,9.970563,0.063753,0.423907,0.037479,0.000000
1772463668.048952,9.981500,0.064338,0.475782,0.023043,0.000000
1772463668.061903,9.994452,0.066013,0.538071,0.017615,0.000000
1772463668.074811,10.007360,0.069109,0.600673,0.015454,0.000000
1772463668.087743,10.020291,0.072293,0.610879,0.013841,0.000000
1772463668.099099,10.031647,0.077196,0.670526,0.012852,0.000000
1772463668.112026,10.044574,0.081833,0.670526,0.012236,0.000000
1772463668.124112,10.056660,0.087473,0.703485,0.012482,0.000000
1772463668.137075,10.069624,0.092872,0.703485,0.013525,0.000000
1772463668.148822,10.081371,0.097429,0.687249,0.014869,0.000000
1772463668.161807,10.094355,0.101428,0.674944,0.018257,0.000000
1772463668.175250,10.107799,0.105937,0.689053,0.023025,0.000000
1772463668.187604,10.120153,0.110879,0.699104,0.029560,0.000000
1772463668.199070,10.131619,0.115520,0.693519,0.033820,0.000000
1772463668.211841,10.144389,0.120263,0.697070,0.038400,0.000000
1772463668.224672,10.157220,0.124161,0.680734,0.039766,0.000000
1772463668.237174,10.169723,0.127412,0.665400,0.043539,0.000000
1772463668.248890,10.181439,0.129728,0.639591,0.048544,0.000000
1772463668.262234,10.194782,0.132024,0.620359,0.070394,0.000000
1772463668.274336,10.206884,0.133490,0.542883,0.127468,0.000000
1772463668.287311,10.219859,0.135782,0.540438,0.155393,0.000000
1772463668.298879,10.231427,0.137653,0.520561,0.166824,0.000000
1772463668.311781,10.244330,0.139474,0.508772,0.179804,0.000000
1772463668.324375,10.256924,0.140151,0.441725,0.216041,0.000000
1772463668.337183,10.269731,0.139916,0.441725,0.187586,0.000000
1772463668.348837,10.281385,0.137797,0.412537,0.142466,0.000000
1772463668.361893,10.294441,0.134945,0.406655,0.106938,0.000000
1772463668.374422,10.306971,0.132096,0.393365,0.112524,0.000000
1772463668.387757,10.320305,0.129424,0.367536,0.140350,0.000000
1772463668.398866,10.331414,0.126664,0.354657,0.140640,0.000000
1772463668.411760,10.344308,0.123653,0.355200,0.116235,0.000000
1772463668.424400,10.356948,0.120004,0.324344,0.089570,0.000000
1772463668.437437,10.369986,0.116060,0.298219,0.071982,0.000000
1772463668.448960,10.381508,0.112253,0.296404,0.067631,0.000000
1772463668.461748,10.394296,0.108503,0.264938,0.084558,0.000000
1772463668.474202,10.406751,0.104788,0.242189,0.089683,0.000000
1772463668.487312,10.419860,0.100928,0.211208,0.076403,0.000000
1772463668.498903,10.431451,0.097033,0.201595,0.048873,0.000000
1772463668.511439,10.443987,0.093261,0.191039,0.046140,0.000000
1772463668.524404,10.456952,0.089631,0.186778,0.041627,0.000000
1772463668.537184,10.469733,0.086068,0.170034,0.034265,0.000000
1772463668.549299,10.481847,0.082690,0.164351,0.041464,0.000000
1772463668.562159,10.494707,0.079539,0.168853,0.049372,0.000000
1772463668.574818,10.507366,0.076631,0.176456,0.058717,0.000000
1772463668.587940,10.520489,0.073967,0.181028,0.072324,0.000000
1772463668.599330,10.531878,0.071584,0.198362,0.079415,0.000000
1772463668.611563,10.544111,0.069574,0.231217,0.082873,0.000000
1772463668.624355,10.556903,0.067636,0.234968,0.075331,0.000000
1772463668.637371,10.569919,0.065841,0.231784,0.084631,0.000000
1772463668.648876,10.581425,0.064411,0.277179,0.072290,0.000000
1772463668.661701,10.594250,0.063161,0.293318,0.067993,0.000000
1772463668.674489,10.607037,0.062090,0.310231,0.063083,0.000000
1772463668.687400,10.619948,0.061549,0.360054,0.056317,0.000000
1772463668.699147,10.631695,0.061303,0.393022,0.044371,0.000000
1772463668.711764,10.644313,0.061137,0.408651,0.033769,0.000000
1772463668.724396,10.656944,0.061585,0.453660,0.029289,0.000000
1772463668.737167,10.669715,0.062070,0.465387,0.021197,0.000000
1772463668.748955,10.681503,0.062795,0.484801,0.017250,0.000000
1772463668.761438,10.693986,0.063908,0.509877,0.015021,0.000000
1772463668.774481,10.707029,0.065315,0.528981,0.013208,0.000000
1772463668.787067,10.719616,0.067087,0.550115,0.012128,0.000000
1772463668.799039,10.731587,0.068803,0.553216,0.010441,0.000000
1772463668.811758,10.744307,0.070383,0.551408,0.010041,0.000000
1772463668.824420,10.756968,0.072129,0.560671,0.011415,0.000000
1772463668.837364,10.769912,0.073848,0.563010,0.011597,0.000000
1772463668.848960,10.781508,0.075602,0.565587,0.014057,0.000000
1772463668.861521,10.794069,0.077541,0.574032,0.016618,0.000000
1772463668.874402,10.806950,0.079453,0.574032,0.019358,0.000000
1772463668.887219,10.819767,0.081399,0.574032,0.024395,0.000000
1772463668.898937,10.831485,0.083067,0.560331,0.031054,0.000000
1772463668.911429,10.843977,0.085033,0.560331,0.045682,0.000000
1772463668.924554,10.857102,0.087451,0.553876,0.071850,0.000000
1772463668.937196,10.869744,0.090414,0.545799,0.102092,0.000000
1772463668.948920,10.881469,0.094101,0.554878,0.119579,0.000000
1772463668.961791,10.894339,0.097357,0.541811,0.125387,0.000000
1772463668.974262,10.906811,0.102718,0.545799,0.182622,0.000000
1772463668.986859,10.919407,0.109573,0.554878,0.214384,0.000000
1772463668.998734,10.931283,0.116908,0.545799,0.241122,0.000000
1772463669.011476,10.944024,0.126142,0.550826,0.281215,0.000000
1772463669.024267,10.956816,0.139391,0.542988,0.368498,0.000000
1772463669.037666,10.970214,0.156049,0.553041,0.424968,0.000000
1772463669.048869,10.981417,0.174834,0.553041,0.472399,0.000000
1772463669.061996,10.994545,0.185839,0.550793,0.363875,0.000000
1772463669.074747,11.007295,0.189940,0.553369,0.245531,0.000000
1772463669.087674,11.020222,0.212606,0.552293,0.565617,0.000000
1772463669.099057,11.031605,0.233676,0.552293,0.557597,0.000000
1772463669.112025,11.044574,0.239247,0.552293,0.319567,0.000000
1772463669.124439,11.056987,0.243516,0.556446,0.297042,0.000000
1772463669.137832,11.070381,0.245613,0.547917,0.268571,0.000000
1772463669.148946,11.081494,0.240175,0.532426,0.099248,0.000000
1772463669.161842,11.094390,0.234205,0.537383,0.065602,0.000000
1772463669.174461,11.107009,0.229181,0.537383,0.088932,0.000000
1772463669.187381,11.119929,0.225538,0.533250,0.129571,0.000000
1772463669.199279,11.131827,0.220969,0.533250,0.093815,0.000000
1772463669.212233,11.144781,0.216908,0.535061,0.101443,0.000000
1772463669.224973,11.157521,0.212510,0.527935,0.090009,0.000000
1772463669.237601,11.170149,0.207043,0.511109,0.056405,0.000000
1772463669.248825,11.181373,0.201640,0.522162,0.036147,0.000000
1772463669.261829,11.194377,0.196303,0.518346,0.030594,0.000000
1772463669.274316,11.206864,0.190884,0.505831,0.026307,0.000000
1772463669.287652,11.220200,0.186124,0.520689,0.030110,0.000000
1772463669.298874,11.231422,0.182081,0.536364,0.035615,0.000000
1772463669.311562,11.244111,0.178228,0.536928,0.034551,0.000000
1772463669.324674,11.257222,0.175211,0.554754,0.042713,0.000000
1772463669.337769,11.270318,0.173245,0.586725,0.043322,0.000000
1772463669.349023,11.281571,0.171146,0.586725,0.035298,0.000000
1772463669.362217,11.294765,0.168996,0.586725,0.029778,0.000000
1772463669.374837,11.307386,0.166517,0.572333,0.028097,0.000000
1772463669.387881,11.320430,0.164957,0.592191,0.036851,0.000000
1772463669.398968,11.331517,0.163315,0.590369,0.033146,0.000000
1772463669.411796,11.344344,0.161680,0.587577,0.033334,0.000000
1772463669.425145,11.357693,0.160694,0.598042,0.042135,0.000000
1772463669.437855,11.370404,0.161143,0.623196,0.059213,0.000000
1772463669.449120,11.381668,0.162229,0.641374,0.059207,0.000000
1772463669.461919,11.394467,0.163488,0.648199,0.058427,0.000000
1772463669.474990,11.407538,0.165631,0.680570,0.049993,0.000000
1772463669.488086,11.420635,0.168067,0.703252,0.036980,0.000000
1772463669.499197,11.431745,0.170720,0.724906,0.023265,0.000000
1772463669.512122,11.444670,0.173633,0.740109,0.017089,0.000000
1772463669.524690,11.457238,0.176819,0.753581,0.012963,0.000000
1772463669.537706,11.470254,0.180042,0.758137,0.012720,0.000000
1772463669.548953,11.481501,0.183224,0.759691,0.013798,0.000000
1772463669.561519,11.494068,0.186054,0.753990,0.015281,0.000000
1772463669.574863,11.507411,0.188523,0.746606,0.017817,0.000000
1772463669.588329,11.520878,0.191085,0.746133,0.023064,0.000000
1772463669.599375,11.531923,0.193608,0.743338,0.027819,0.000000
1772463669.612305,11.544853,0.196608,0.746133,0.037978,0.000000
1772463669.625150,11.557699,0.199870,0.743338,0.049384,0.000000
1772463669.637535,11.570084,0.204234,0.740709,0.077442,0.000000
1772463669.649273,11.581821,0.212107,0.740709,0.145691,0.000000
1772463669.662376,11.594924,0.226673,0.724905,0.277834,0.000000
1772463669.675269,11.607817,0.242997,0.715887,0.326793,0.000000
1772463669.688451,11.620999,0.252971,0.684632,0.269152,0.000000
1772463669.699501,11.632049,0.251845,0.684632,0.074214,0.000000
1772463669.712755,11.645304,0.244712,0.532684,0.047485,0.000000
1772463669.724941,11.657490,0.237197,0.532684,0.015146,0.000000
1772463669.738143,11.670692,0.229559,0.511476,0.011785,0.000000
1772463669.749439,11.681987,0.220355,0.381532,0.009697,0.000000
1772463669.762019,11.694568,0.211150,0.335157,0.008853,0.000000
1772463669.775170,11.707719,0.202352,0.328627,0.009069,0.000000
1772463669.788294,11.720843,0.193997,0.327045,0.011062,0.000000
1772463669.799141,11.731689,0.186186,0.340041,0.012440,0.000000
1772463669.812455,11.745003,0.178940,0.359257,0.011628,0.000000
1772463669.824507,11.757056,0.172093,0.359247,0.015316,0.000000
1772463669.837360,11.769908,0.165680,0.367976,0.015577,0.000000
1772463669.848758,11.781306,0.159797,0.381686,0.020931,0.000000
1772463669.861550,11.794098,0.154584,0.396036,0.037210,0.000000
1772463669.874375,11.806923,0.149889,0.403452,0.048689,0.000000
1772463669.887026,11.819574,0.145855,0.417010,0.063188,0.000000
1772463669.898841,11.831389,0.142058,0.430598,0.051790,0.000000
1772463669.911766,11.844314,0.138426,0.451042,0.029827,0.000000
1772463669.924192,11.856740,0.135087,0.468497,0.019203,0.000000
1772463669.936939,11.869488,0.131968,0.475319,0.015504,0.000000
1772463669.948793,11.881341,0.129180,0.487091,0.013874,0.000000
1772463669.961447,11.893996,0.126667,0.496739,0.011852,0.000000
1772463669.974162,11.906710,0.124319,0.500009,0.010739,0.000000
1772463669.987153,11.919702,0.122108,0.501027,0.010756,0.000000
1772463669.998824,11.931372,0.120134,0.507559,0.011032,0.000000
1772463670.011835,11.944383,0.118135,0.501473,0.010487,0.000000
1772463670.024265,11.956813,0.116459,0.513173,0.010578,0.000000
1772463670.037285,11.969833,0.114904,0.517630,0.007993,0.000000
1772463670.048930,11.981478,0.113513,0.524280,0.005792,0.000000
1772463670.061962,11.994510,0.112275,0.519899,0.014310,0.000000
1772463670.074318,12.006866,0.111134,0.530391,0.005554,0.000000
1772463670.087195,12.019744,0.110410,0.531767,0.021223,0.000000
1772463670.098829,12.031377,0.109969,0.522414,0.041651,0.000000
1772463670.111887,12.044436,0.108846,0.499587,0.031553,0.000000
1772463670.124502,12.057050,0.107101,0.490885,0.003560,0.000000
1772463670.137300,12.069848,0.105291,0.483624,0.001809,0.000000
1772463670.148954,12.081502,0.103577,0.484488,0.001248,0.000000
1772463670.161557,12.094105,0.102064,0.490127,0.002526,0.000000
1772463670.174299,12.106848,0.100967,0.507772,0.004081,0.000000
1772463670.187325,12.119874,0.100012,0.509610,0.006923,0.000000
1772463670.199812,12.132361,0.099517,0.523162,0.014381,0.000000
1772463670.212636,12.145184,0.099657,0.523858,0.041826,0.000000
1772463670.224641,12.157190,0.105656,0.526269,0.220175,0.000000
1772463670.236910,12.169459,0.108377,0.552851,0.115610,0.000000
1772463670.249522,12.182070,0.108496,0.545191,0.038213,0.000000
1772463670.262107,12.194656,0.108423,0.550644,0.025043,0.000000
1772463670.274522,12.207070,0.108442,0.556684,0.022748,0.000000
1772463670.288947,12.221495,0.108528,0.556684,0.025484,0.000000
1772463670.298875,12.231424,0.108745,0.556684,0.030944,0.000000
1772463670.311615,12.244163,0.109320,0.563252,0.038750,0.000000
1772463670.324415,12.256964,0.110980,0.586029,0.055064,0.000000
1772463670.337334,12.269882,0.112706,0.563252,0.082661,0.000000
1772463670.348952,12.281501,0.116125,0.565702,0.132522,0.000000
1772463670.361696,12.294244,0.123680,0.565702,0.232534,0.000000
1772463670.374416,12.306964,0.138707,0.544068,0.394850,0.000000
1772463670.387236,12.319784,0.148783,0.541922,0.325612,0.000000
1772463670.399004,12.331553,0.151810,0.535854,0.198337,0.000000
1772463670.411524,12.344072,0.150776,0.537889,0.083917,0.000000
1772463670.424431,12.356979,0.148788,0.533017,0.050926,0.000000
1772463670.437474,12.370023,0.146138,0.535258,0.015732,0.000000
1772463670.449000,12.381548,0.143041,0.512476,0.010214,0.000000
1772463670.461838,12.394386,0.139825,0.497274,0.010759,0.000000
1772463670.474519,12.407067,0.136640,0.489946,0.010791,0.000000
1772463670.487162,12.419711,0.133134,0.458356,0.013362,0.000000
1772463670.498891,12.431439,0.129469,0.430647,0.018488,0.000000
1772463670.511580,12.444128,0.127284,0.406155,0.120546,0.000000
1772463670.524289,12.456838,0.123750,0.419777,0.017550,0.000000
1772463670.537302,12.469851,0.119905,0.388242,0.009182,0.000000
1772463670.548925,12.481473,0.116288,0.392227,0.008372,0.000000
1772463670.561530,12.494078,0.112870,0.393439,0.008765,0.000000
1772463670.574296,12.506844,0.110166,0.429342,0.016075,0.000000
1772463670.587233,12.519781,0.107917,0.451264,0.016090,0.000000
1772463670.598902,12.531450,0.105791,0.459226,0.008847,0.000000
1772463670.611717,12.544265,0.103724,0.455524,0.009397,0.000000
1772463670.624411,12.556959,0.101858,0.460792,0.010544,0.000000
1772463670.636989,12.569537,0.100342,0.473050,0.014341,0.000000
1772463670.648829,12.581378,0.098969,0.463401,0.027920,0.000000
1772463670.661429,12.593977,0.097074,0.446142,0.007313,0.000000
1772463670.674226,12.606774,0.094942,0.426735,0.002295,0.000000
1772463670.687551,12.620100,0.092400,0.383918,0.000855,0.000000
1772463670.699057,12.631606,0.089655,0.350418,0.000594,0.000000
1772463670.711831,12.644379,0.086477,0.275680,0.000406,0.000000
1772463670.724245,12.656793,0.083139,0.218386,0.000348,0.000000
1772463670.737382,12.669930,0.079867,0.196309,0.000345,0.000000
1772463670.749014,12.681562,0.076580,0.150505,0.000404,0.000000
1772463670.761703,12.694252,0.073509,0.164548,0.000613,0.000000
1772463670.774692,12.707240,0.070767,0.206542,0.001135,0.000000
1772463670.787425,12.719973,0.068808,0.311724,0.003691,0.000000
1772463670.798902,12.731450,0.067454,0.363293,0.009869,0.000000
1772463670.811825,12.744373,0.066487,0.385499,0.017582,0.000000
1772463670.824234,12.756782,0.066405,0.423653,0.042614,0.000000
1772463670.837119,12.769668,0.066649,0.441909,0.044633,0.000000
1772463670.848852,12.781400,0.066944,0.468263,0.022099,0.000000
1772463670.861909,12.794458,0.068053,0.523098,0.012047,0.000000
1772463670.874509,12.807057,0.070539,0.587620,0.009620,0.000000
1772463670.887332,12.819880,0.074691,0.649269,0.009397,0.000000
1772463670.898906,12.831455,0.079078,0.661578,0.010360,0.000000
1772463670.911791,12.844339,0.081830,0.624161,0.002833,0.000000
1772463670.924404,12.856953,0.083709,0.598837,0.001541,0.000000
1772463670.937378,12.869927,0.085998,0.616728,0.002194,0.000000
1772463670.948894,12.881442,0.087361,0.583817,0.004582,0.000000
1772463670.961587,12.894135,0.088390,0.558965,0.018644,0.000000
1772463670.974807,12.907355,0.097810,0.552839,0.255091,0.000000
1772463670.987386,12.919935,0.098758,0.544114,0.051201,0.000000
1772463670.998972,12.931520,0.099599,0.568071,0.024927,0.000000
1772463671.011587,12.944135,0.100109,0.569209,0.012236,0.000000
1772463671.024433,12.956981,0.100568,0.571976,0.008413,0.000000
1772463671.037539,12.970087,0.100947,0.570636,0.007422,0.000000
1772463671.048870,12.981418,0.100575,0.540858,0.004832,0.000000
1772463671.061624,12.994172,0.099287,0.493725,0.003234,0.000000
1772463671.074406,13.006955,0.098285,0.505489,0.003999,0.000000
1772463671.087700,13.020248,0.098900,0.576016,0.007036,0.000000
1772463671.098878,13.031426,0.102313,0.668961,0.009874,0.000000
1772463671.112028,13.044576,0.112271,0.813345,0.018593,0.000000
1772463671.124458,13.057007,0.125576,0.893680,0.007016,0.000000
1772463671.137574,13.070122,0.142677,0.971538,0.002504,0.000000
1772463671.148849,13.081397,0.159502,0.981572,0.001766,0.000000
1772463671.161702,13.094250,0.175178,0.976860,0.001537,0.000000
1772463671.174351,13.106900,0.187916,0.941792,0.001784,0.000000
1772463671.187780,13.120328,0.195860,0.871678,0.001685,0.000000
1772463671.199840,13.132388,0.200614,0.820262,0.001578,0.000000
1772463671.213202,13.145750,0.201317,0.738916,0.001691,0.000000
1772463671.224996,13.157544,0.199716,0.679630,0.002255,0.000000
1772463671.237250,13.169798,0.195560,0.591761,0.003222,0.000000
1772463671.249789,13.182338,0.190204,0.520489,0.012923,0.000000
1772463671.262441,13.194990,0.184258,0.466980,0.019616,0.000000
1772463671.274814,13.207363,0.177602,0.408238,0.007575,0.000000
1772463671.287787,13.220335,0.171209,0.404764,0.005322,0.000000
1772463671.298899,13.231447,0.165437,0.428294,0.005835,0.000000
1772463671.311793,13.244341,0.160051,0.432841,0.008616,0.000000
1772463671.324743,13.257291,0.155308,0.453194,0.014193,0.000000
1772463671.337348,13.269896,0.150878,0.449716,0.022603,0.000000
1772463671.348963,13.281512,0.147787,0.503285,0.031673,0.000000
1772463671.361790,13.294339,0.146272,0.557966,0.038740,0.000000
1772463671.374585,13.307133,0.144280,0.541871,0.032600,0.000000
1772463671.387767,13.320316,0.141754,0.516782,0.029525,0.000000
1772463671.398866,13.331414,0.139731,0.537186,0.026218,0.000000
1772463671.412050,13.344598,0.138138,0.552615,0.024835,0.000000
1772463671.424812,13.357361,0.135809,0.521220,0.019832,0.000000
1772463671.437570,13.370118,0.133704,0.525748,0.020450,0.000000
1772463671.448962,13.381511,0.131446,0.515820,0.017855,0.000000
1772463671.461517,13.394065,0.128518,0.471631,0.019699,0.000000
1772463671.474848,13.407397,0.126231,0.498259,0.020745,0.000000
1772463671.487903,13.420451,0.123150,0.441373,0.024097,0.000000
1772463671.499063,13.431611,0.119442,0.382335,0.024485,0.000000
1772463671.512142,13.444691,0.115312,0.329677,0.017602,0.000000
1772463671.524528,13.457077,0.110998,0.288346,0.009661,0.000000
1772463671.537653,13.470201,0.106595,0.241962,0.007774,0.000000
1772463671.548959,13.481508,0.102153,0.194565,0.002688,0.000000
1772463671.561604,13.494153,0.097812,0.165154,0.002446,0.000000
1772463671.574744,13.507293,0.093659,0.156506,0.003147,0.000000
1772463671.587712,13.520260,0.089704,0.153585,0.003531,0.000000
1772463671.598860,13.531409,0.085919,0.143486,0.005503,0.000000
1772463671.611990,13.544538,0.082377,0.146950,0.017127,0.000000
1772463671.624880,13.557428,0.079253,0.165340,0.055386,0.000000
1772463671.637582,13.570130,0.076382,0.188435,0.050990,0.000000
1772463671.648941,13.581489,0.073588,0.205323,0.021376,0.000000
1772463671.661992,13.594540,0.071102,0.245634,0.012253,0.000000
1772463671.674675,13.607224,0.069016,0.292055,0.008453,0.000000
1772463671.687494,13.620042,0.067683,0.369342,0.006965,0.000000
1772463671.698965,13.631513,0.066900,0.412268,0.007205,0.000000
1772463671.712028,13.644576,0.067925,0.501535,0.029296,0.000000
1772463671.724833,13.657382,0.104990,0.550486,0.738522,0.000000
1772463671.737736,13.670284,0.104902,0.556173,0.011421,0.000000
1772463671.749380,13.681928,0.104867,0.568042,0.001719,0.000000
1772463671.762591,13.695139,0.104467,0.552159,0.001318,0.000000
1772463671.775404,13.707952,0.104339,0.563049,0.001727,0.000000
1772463671.788136,13.720684,0.105442,0.611007,0.002353,0.000000
1772463671.799097,13.731645,0.109025,0.688956,0.003817,0.000000
1772463671.812141,13.744689,0.110601,0.625980,0.011849,0.000000
1772463671.824914,13.757462,0.107989,0.431691,0.012152,0.000000
1772463671.838085,13.770633,0.104316,0.325405,0.008390,0.000000
1772463671.848976,13.781524,0.100133,0.223528,0.004787,0.000000
1772463671.862063,13.794612,0.095750,0.124089,0.001424,0.000000
1772463671.874756,13.807304,0.091519,0.101058,0.001695,0.000000
1772463671.887872,13.820420,0.087480,0.093174,0.002192,0.000000
1772463671.899155,13.831703,0.083633,0.088402,0.003189,0.000000
1772463671.912154,13.844702,0.079987,0.090088,0.004668,0.000000
1772463671.924767,13.857315,0.076550,0.095102,0.009640,0.000000
1772463671.937510,13.870058,0.073324,0.111966,0.006394,0.000000
1772463671.949200,13.881748,0.070326,0.134683,0.004903,0.000000
1772463671.962083,13.894631,0.067537,0.152854,0.004219,0.000000
1772463671.974676,13.907224,0.065067,0.198100,0.003412,0.000000
1772463671.987699,13.920248,0.063036,0.259358,0.003347,0.000000
1772463671.999060,13.931608,0.061377,0.300130,0.003739,0.000000
1772463672.012005,13.944553,0.060850,0.410857,0.003697,0.000000
1772463672.024557,13.957105,0.061026,0.461313,0.003379,0.000000
1772463672.037421,13.969969,0.063422,0.576745,0.002968,0.000000
1772463672.048774,13.981322,0.069198,0.692415,0.002884,0.000000
1772463672.061713,13.994261,0.076707,0.742687,0.003449,0.000000
1772463672.074507,14.007056,0.089073,0.848090,0.004843,0.000000
1772463672.087144,14.019692,0.105053,0.917632,0.008481,0.000000
1772463672.098837,14.031385,0.123007,0.962528,0.008730,0.000000
1772463672.112361,14.044909,0.141075,0.984104,0.003380,0.000000
1772463672.124338,14.056887,0.156626,0.960156,0.001406,0.000000
1772463672.137233,14.069782,0.168296,0.909601,0.000964,0.000000
1772463672.148825,14.081373,0.177184,0.871664,0.001041,0.000000
1772463672.161810,14.094359,0.179834,0.756867,0.001686,0.000000
1772463672.174483,14.107031,0.177468,0.618131,0.006087,0.000000
1772463672.187582,14.120131,0.174463,0.472783,0.123711,0.000000
1772463672.199701,14.132249,0.167947,0.379753,0.005154,0.000000
1772463672.212740,14.145288,0.160845,0.272648,0.001927,0.000000
1772463672.224493,14.157042,0.153713,0.200924,0.001554,0.000000
1772463672.237328,14.169876,0.146768,0.158772,0.001701,0.000000
1772463672.249652,14.182201,0.140088,0.134632,0.002063,0.000000
1772463672.261938,14.194486,0.133746,0.135871,0.002163,0.000000
1772463672.274491,14.207039,0.127674,0.120559,0.002228,0.000000
1772463672.287261,14.219810,0.121889,0.114973,0.002573,0.000000
1772463672.298931,14.231479,0.116374,0.107284,0.003501,0.000000
1772463672.311646,14.244194,0.111136,0.105749,0.005619,0.000000
1772463672.324348,14.256896,0.106182,0.110869,0.007820,0.000000
1772463672.337215,14.269763,0.101494,0.112430,0.012352,0.000000
1772463672.348855,14.281403,0.097150,0.126886,0.030820,0.000000
1772463672.361824,14.294372,0.093098,0.160102,0.017586,0.000000
1772463672.374558,14.307106,0.089450,0.216810,0.006144,0.000000
1772463672.387334,14.319882,0.086427,0.293905,0.003881,0.000000
1772463672.398963,14.331511,0.084132,0.363072,0.003987,0.000000
1772463672.411894,14.344442,0.082689,0.426238,0.006074,0.000000
1772463672.424316,14.356864,0.082669,0.506376,0.011306,0.000000
1772463672.437095,14.369643,0.088594,0.707864,0.016335,0.000000
1772463672.448969,14.381518,0.095955,0.752265,0.012579,0.000000
1772463672.461590,14.394138,0.109457,0.881085,0.009018,0.000000
1772463672.474122,14.406671,0.124049,0.911717,0.008273,0.000000
1772463672.487162,14.419711,0.134960,0.861966,0.007407,0.000000
1772463672.499219,14.431767,0.139956,0.758568,0.005238,0.000000
1772463672.512157,14.444705,0.138211,0.568167,0.003361,0.000000
1772463672.524364,14.456912,0.135206,0.503778,0.002555,0.000000
1772463672.537567,14.470115,0.131507,0.414629,0.039394,0.000000
1772463672.549341,14.481890,0.127720,0.420863,0.013299,0.000000
1772463672.562225,14.494774,0.124369,0.440843,0.011307,0.000000
1772463672.574881,14.507429,0.121926,0.481222,0.017810,0.000000
1772463672.587886,14.520434,0.121009,0.523844,0.044559,0.000000
1772463672.599595,14.532144,0.119877,0.533639,0.023261,0.000000
1772463672.612116,14.544665,0.117896,0.492080,0.020101,0.000000
1772463672.624587,14.557135,0.114820,0.413613,0.022901,0.000000
1772463672.637744,14.570293,0.111360,0.369254,0.022572,0.000000
1772463672.649016,14.581564,0.107942,0.375029,0.004502,0.000000
1772463672.662106,14.594654,0.104801,0.380988,0.008526,0.000000
1772463672.674290,14.606838,0.101649,0.363227,0.010194,0.000000
1772463672.687559,14.620107,0.098201,0.309621,0.012857,0.000000
1772463672.699043,14.631591,0.094507,0.253205,0.008446,0.000000
1772463672.712096,14.644644,0.090772,0.208235,0.011302,0.000000
1772463672.724505,14.657053,0.087228,0.199008,0.021602,0.000000
1772463672.737279,14.669827,0.083959,0.230490,0.009280,0.000000
1772463672.749084,14.681633,0.081274,0.301136,0.005296,0.000000
1772463672.761807,14.694355,0.079209,0.357355,0.006894,0.000000
1772463672.774751,14.707299,0.077817,0.412533,0.004272,0.000000
1772463672.787348,14.719896,0.076591,0.420603,0.004038,0.000000
1772463672.798912,14.731461,0.075334,0.412237,0.004870,0.000000
1772463672.811780,14.744328,0.074139,0.410259,0.006771,0.000000
1772463672.825164,14.757712,0.073365,0.437161,0.007771,0.000000
1772463672.837597,14.770146,0.073514,0.496425,0.004959,0.000000
1772463672.849463,14.782011,0.075116,0.568798,0.003816,0.000000
1772463672.862088,14.794636,0.077382,0.590874,0.011470,0.000000
1772463672.874930,14.807478,0.079814,0.595823,0.016842,0.000000
1772463672.887623,14.820171,0.081191,0.563506,0.012890,0.000000
1772463672.899358,14.831906,0.082836,0.582145,0.007921,0.000000
1772463672.912271,14.844820,0.083122,0.524297,0.009435,0.000000
1772463672.924735,14.857283,0.084079,0.547414,0.018101,0.000000
1772463672.937645,14.870193,0.085280,0.553223,0.024716,0.000000
1772463672.948929,14.881477,0.086891,0.565931,0.030823,0.000000
1772463672.961810,14.894359,0.088456,0.578140,0.019925,0.000000
1772463672.974324,14.906872,0.091443,0.635940,0.014291,0.000000
1772463672.987326,14.919874,0.095865,0.687840,0.008741,0.000000
1772463672.998872,14.931420,0.101814,0.734351,0.006436,0.000000
1772463673.011779,14.944327,0.107268,0.730190,0.005908,0.000000
1772463673.024668,14.957217,0.111238,0.698722,0.006908,0.000000
1772463673.037364,14.969912,0.110443,0.545342,0.004640,0.000000
1772463673.049396,14.981944,0.107108,0.378053,0.004992,0.000000
1772463673.062196,14.994744,0.103316,0.305081,0.008341,0.000000
1772463673.074857,15.007405,0.099649,0.294528,0.009983,0.000000
1772463673.087924,15.020473,0.096786,0.369662,0.006856,0.000000
1772463673.098854,15.031402,0.095229,0.445327,0.023533,0.000000
1772463673.111827,15.044375,0.094565,0.479036,0.037775,0.000000
1772463673.124400,15.056948,0.093506,0.464564,0.028237,0.000000
1772463673.137484,15.070032,0.091326,0.395615,0.015124,0.000000
1772463673.148885,15.081433,0.087926,0.248069,0.005040,0.000000
1772463673.162140,15.094688,0.084491,0.209652,0.003878,0.000000
1772463673.174633,15.107181,0.080902,0.126865,0.002659,0.000000
1772463673.187835,15.120383,0.077451,0.113037,0.002789,0.000000
1772463673.199851,15.132400,0.074188,0.118430,0.002705,0.000000
1772463673.212741,15.145289,0.071213,0.156034,0.002660,0.000000
1772463673.224823,15.157371,0.068735,0.234989,0.002999,0.000000
1772463673.237436,15.169984,0.067226,0.352799,0.003900,0.000000
1772463673.248899,15.181448,0.067241,0.469833,0.005075,0.000000
1772463673.261998,15.194547,0.068385,0.529761,0.007797,0.000000
1772463673.274739,15.207287,0.069610,0.527793,0.016442,0.000000
1772463673.287615,15.220163,0.069862,0.432511,0.064002,0.000000
1772463673.299061,15.231609,0.068729,0.352651,0.046361,0.000000
1772463673.311921,15.244469,0.067063,0.295449,0.043658,0.000000
1772463673.324714,15.257262,0.066122,0.297177,0.106433,0.000000
1772463673.337483,15.270032,0.066043,0.383551,0.081659,0.000000
1772463673.348958,15.281506,0.067945,0.559219,0.010254,0.000000
1772463673.361942,15.294491,0.072511,0.661442,0.005829,0.000000
1772463673.374890,15.307439,0.085066,0.847033,0.005518,0.000000
1772463673.387901,15.320449,0.096118,0.828651,0.007674,0.000000
1772463673.398964,15.331512,0.101522,0.719824,0.008132,0.000000
1772463673.411941,15.344489,0.102120,0.571330,0.017509,0.000000
1772463673.424689,15.357237,0.101298,0.496308,0.030191,0.000000
1772463673.437624,15.370172,0.099834,0.468375,0.020436,0.000000
1772463673.448881,15.381429,0.098636,0.491918,0.008125,0.000000
1772463673.461889,15.394437,0.097507,0.494824,0.005718,0.000000
1772463673.474683,15.407231,0.099630,0.632889,0.003982,0.000000
1772463673.488159,15.420708,0.106274,0.755814,0.005356,0.000000
1772463673.499043,15.431592,0.112857,0.758853,0.008331,0.000000
1772463673.511932,15.444480,0.122935,0.830956,0.013140,0.000000
1772463673.524591,15.457139,0.130693,0.789221,0.019989,0.000000
1772463673.537713,15.470261,0.135824,0.733140,0.028923,0.000000
1772463673.548910,15.481458,0.137158,0.632486,0.039584,0.000000
1772463673.561972,15.494520,0.134586,0.492666,0.033934,0.000000
1772463673.574730,15.507279,0.130992,0.428364,0.030683,0.000000
1772463673.587650,15.520199,0.127243,0.402819,0.032311,0.000000
1772463673.599022,15.531570,0.123480,0.397751,0.021498,0.000000
1772463673.611933,15.544481,0.119664,0.383614,0.015201,0.000000
1772463673.624657,15.557205,0.116507,0.425430,0.011615,0.000000
1772463673.637688,15.570237,0.113746,0.443730,0.010495,0.000000
1772463673.648919,15.581467,0.111612,0.474489,0.011430,0.000000
1772463673.661860,15.594408,0.109836,0.486115,0.014533,0.000000
1772463673.674562,15.607110,0.108092,0.479553,0.017852,0.000000
1772463673.687537,15.620086,0.106184,0.465491,0.016962,0.000000
1772463673.699015,15.631563,0.104418,0.456197,0.029143,0.000000
1772463673.712415,15.644963,0.102039,0.426477,0.011688,0.000000
1772463673.724529,15.657077,0.099509,0.397940,0.019166,0.000000
1772463673.737586,15.670135,0.097881,0.410223,0.062851,0.000000
1772463673.748930,15.681479,0.107828,0.431841,0.395669,0.000000
1772463673.762070,15.694618,0.106807,0.477668,0.053182,0.000000
1772463673.774591,15.707139,0.105824,0.514810,0.015383,0.000000
1772463673.787688,15.720236,0.106192,0.578558,0.009719,0.000000
1772463673.798998,15.731547,0.109216,0.671295,0.006823,0.000000
1772463673.812316,15.744865,0.113391,0.707560,0.005951,0.000000
1772463673.825118,15.757666,0.117460,0.710119,0.006034,0.000000
1772463673.837570,15.770118,0.121072,0.703085,0.006515,0.000000
1772463673.848770,15.781318,0.123415,0.672711,0.007205,0.000000
1772463673.861837,15.794386,0.125662,0.671526,0.009016,0.000000
1772463673.874870,15.807418,0.126737,0.636727,0.011865,0.000000
1772463673.887853,15.820402,0.127191,0.612646,0.017247,0.000000
1772463673.898762,15.831310,0.126248,0.555241,0.023190,0.000000
1772463673.911820,15.844368,0.124041,0.485455,0.031759,0.000000
1772463673.924751,15.857299,0.121046,0.408866,0.055069,0.000000
1772463673.937691,15.870239,0.117496,0.356843,0.054406,0.000000
1772463673.948801,15.881349,0.113269,0.289616,0.034596,0.000000
1772463673.961591,15.894140,0.108836,0.250187,0.013900,0.000000
1772463673.974161,15.906709,0.104471,0.228527,0.008239,0.000000
1772463673.987448,15.919996,0.100189,0.202835,0.006555,0.000000
1772463673.998801,15.931349,0.096012,0.177650,0.006619,0.000000
1772463674.011735,15.944284,0.091983,0.159514,0.009276,0.000000
1772463674.024307,15.956856,0.088255,0.184044,0.009416,0.000000
1772463674.037194,15.969742,0.084871,0.217379,0.010089,0.000000
1772463674.048737,15.981285,0.081741,0.238682,0.004988,0.000000
1772463674.061858,15.994406,0.079171,0.303126,0.003952,0.000000
1772463674.074260,16.006808,0.077285,0.366876,0.004944,0.000000
1772463674.087143,16.019691,0.076499,0.447290,0.007880,0.000000
1772463674.098859,16.031407,0.076131,0.466248,0.013751,0.000000
1772463674.112120,16.044669,0.076809,0.510534,0.025969,0.000000
1772463674.124771,16.057319,0.079520,0.532846,0.088774,0.000000
1772463674.137568,16.070116,0.084571,0.509607,0.187874,0.000000
1772463674.149161,16.081709,0.085046,0.500053,0.046955,0.000000
1772463674.162091,16.094639,0.084557,0.476129,0.022160,0.000000
1772463674.174773,16.107322,0.083542,0.450518,0.013820,0.000000
1772463674.188051,16.120599,0.083111,0.483382,0.013896,0.000000
1772463674.199770,16.132318,0.082467,0.467405,0.015976,0.000000
1772463674.212795,16.145343,0.083282,0.538271,0.019515,0.000000
1772463674.224813,16.157362,0.084261,0.552068,0.014799,0.000000
1772463674.237543,16.170092,0.088769,0.641402,0.047659,0.000000
1772463674.249847,16.182395,0.092230,0.644934,0.020407,0.000000
1772463674.262339,16.194887,0.094270,0.599452,0.025687,0.000000
1772463674.274781,16.207329,0.095098,0.542689,0.040857,0.000000
1772463674.287738,16.220286,0.094419,0.476234,0.039367,0.000000
1772463674.299421,16.231969,0.095482,0.450168,0.143048,0.000000
1772463674.312012,16.244560,0.099016,0.416598,0.260779,0.000000
1772463674.324564,16.257112,0.100281,0.430871,0.178685,0.000000
1772463674.337512,16.270061,0.099285,0.470842,0.041646,0.000000
1772463674.349208,16.281756,0.098267,0.489367,0.019243,0.000000
1772463674.362483,16.295031,0.100901,0.637652,0.016926,0.000000
1772463674.374797,16.307345,0.106678,0.701269,0.041416,0.000000
1772463674.387769,16.320317,0.119209,0.760706,0.121878,0.000000
1772463674.399311,16.331860,0.130574,0.802380,0.070723,0.000000
1772463674.412115,16.344663,0.140749,0.813893,0.048145,0.000000
1772463674.425151,16.357699,0.147536,0.767478,0.040139,0.000000
1772463674.437799,16.370347,0.150918,0.710650,0.030545,0.000000
1772463674.449430,16.381979,0.150973,0.631389,0.024853,0.000000
1772463674.461991,16.394539,0.148509,0.542425,0.021837,0.000000
1772463674.474793,16.407341,0.143531,0.386727,0.019936,0.000000
1772463674.487151,16.419699,0.137874,0.290653,0.016811,0.000000
1772463674.499343,16.431891,0.131870,0.185036,0.012702,0.000000
1772463674.512234,16.444782,0.125904,0.117415,0.009657,0.000000
1772463674.525097,16.457646,0.120184,0.104482,0.004783,0.000000
1772463674.538374,16.470922,0.114726,0.095800,0.004924,0.000000
1772463674.549085,16.481633,0.109541,0.094559,0.006093,0.000000
1772463674.561690,16.494238,0.104628,0.096332,0.008939,0.000000
1772463674.574560,16.507108,0.100050,0.123307,0.011779,0.000000
1772463674.588244,16.520793,0.095804,0.153644,0.011233,0.000000
1772463674.598928,16.531477,0.091823,0.169971,0.008598,0.000000
1772463674.612239,16.544788,0.088401,0.240906,0.012715,0.000000
1772463674.624468,16.557017,0.085840,0.286765,0.062400,0.000000
1772463674.637783,16.570331,0.084190,0.323409,0.099351,0.000000
1772463674.648945,16.581493,0.082171,0.351959,0.031434,0.000000
1772463674.661889,16.594438,0.080323,0.367965,0.021960,0.000000
1772463674.674649,16.607197,0.078745,0.385344,0.020488,0.000000
1772463674.688270,16.620818,0.077153,0.348387,0.049313,0.000000
1772463674.699301,16.631849,0.075865,0.348330,0.068612,0.000000
1772463674.712214,16.644762,0.074575,0.318230,0.093122,0.000000
1772463674.724606,16.657154,0.072641,0.292216,0.049700,0.000000
1772463674.738236,16.670784,0.070450,0.259014,0.037438,0.000000
1772463674.749339,16.681888,0.068315,0.259377,0.029393,0.000000
1772463674.762405,16.694954,0.066218,0.254220,0.024035,0.000000
1772463674.775226,16.707774,0.063951,0.202375,0.028125,0.000000
1772463674.788078,16.720626,0.061788,0.198009,0.030531,0.000000
1772463674.799340,16.731888,0.059776,0.199799,0.037040,0.000000
1772463674.812305,16.744854,0.057867,0.197068,0.040164,0.000000
1772463674.824587,16.757135,0.056087,0.204758,0.038837,0.000000
1772463674.837492,16.770041,0.054715,0.264282,0.031082,0.000000
1772463674.848963,16.781511,0.053907,0.337449,0.019292,0.000000
1772463674.862403,16.794951,0.053318,0.360753,0.014430,0.000000
1772463674.875131,16.807679,0.052753,0.361140,0.013516,0.000000
1772463674.888216,16.820765,0.052028,0.340917,0.014155,0.000000
1772463674.899338,16.831887,0.051326,0.303668,0.049962,0.000000
1772463674.912483,16.845031,0.051301,0.283818,0.130769,0.000000
1772463674.924878,16.857426,0.050682,0.274450,0.084213,0.000000
1772463674.937697,16.870245,0.049978,0.278891,0.066989,0.000000
1772463674.948840,16.881388,0.049258,0.275884,0.064235,0.000000
1772463674.961772,16.894321,0.048638,0.271995,0.075326,0.000000
1772463674.975043,16.907591,0.048136,0.266576,0.090452,0.000000
1772463674.987405,16.919953,0.047863,0.266921,0.110923,0.000000
1772463674.998815,16.931363,0.047769,0.266921,0.126616,0.000000
1772463675.011653,16.944201,0.047891,0.266921,0.145068,0.000000
1772463675.024561,16.957109,0.048336,0.266921,0.171098,0.000000
1772463675.037444,16.969992,0.049392,0.266921,0.214046,0.000000
1772463675.049386,16.981934,0.051224,0.266921,0.260464,0.000000
1772463675.062246,16.994794,0.054169,0.266921,0.315205,0.000000
1772463675.075252,17.007801,0.058661,0.266921,0.376603,0.000000
1772463675.087783,17.020332,0.065955,0.266921,0.461439,0.000000
1772463675.098910,17.031458,0.074717,0.266576,0.504199,0.000000
1772463675.111776,17.044324,0.087454,0.266811,0.591067,0.000000
1772463675.124624,17.057172,0.095861,0.266811,0.519392,0.000000
1772463675.137683,17.070231,0.101673,0.266811,0.470717,0.000000
1772463675.149007,17.081556,0.106544,0.266811,0.454784,0.000000
1772463675.162397,17.094945,0.111495,0.266811,0.462819,0.000000
1772463675.174863,17.107411,0.115579,0.257968,0.456126,0.000000
1772463675.188398,17.120947,0.122265,0.257968,0.521570,0.000000
1772463675.200283,17.132832,0.132171,0.257968,0.591622,0.000000
1772463675.213463,17.146011,0.144906,0.257968,0.649942,0.000000
1772463675.225188,17.157737,0.153268,0.257968,0.584004,0.000000
1772463675.238014,17.170562,0.159751,0.257968,0.556049,0.000000
1772463675.250102,17.182651,0.173453,0.264783,0.681925,0.000000
1772463675.262471,17.195019,0.184599,0.264783,0.651106,0.000000
1772463675.275150,17.207698,0.187673,0.273162,0.502916,0.000000
1772463675.287960,17.220508,0.183499,0.273162,0.296520,0.000000
1772463675.299397,17.231945,0.178412,0.283153,0.233113,0.000000
1772463675.312191,17.244739,0.172307,0.283153,0.153067,0.000000
1772463675.324991,17.257540,0.166377,0.294807,0.131433,0.000000
1772463675.338211,17.270760,0.160513,0.308173,0.099095,0.000000
1772463675.349300,17.281849,0.154638,0.308173,0.071347,0.000000
1772463675.362496,17.295044,0.149148,0.323296,0.064978,0.000000
1772463675.375139,17.307687,0.143827,0.323296,0.054835,0.000000
1772463675.387673,17.320221,0.138766,0.323296,0.054252,0.000000
1772463675.399067,17.331615,0.134014,0.323296,0.059713,0.000000
1772463675.411829,17.344378,0.129621,0.323296,0.070933,0.000000
1772463675.425012,17.357560,0.125673,0.323296,0.090588,0.000000
1772463675.437648,17.370196,0.122343,0.323296,0.123106,0.000000
1772463675.449063,17.381611,0.119990,0.323296,0.175036,0.000000
1772463675.461870,17.394418,0.119410,0.323296,0.255273,0.000000
1772463675.474208,17.406756,0.122629,0.323296,0.378525,0.000000
1772463675.487685,17.420233,0.133593,0.318778,0.550256,0.000000
1772463675.499168,17.431716,0.156612,0.323296,0.752796,0.000000
1772463675.511455,17.444003,0.183223,0.323296,0.835628,0.000000
1772463675.524355,17.456904,0.209407,0.340209,0.835876,0.000000
1772463675.537175,17.469723,0.226234,0.340209,0.696658,0.000000
1772463675.548808,17.481357,0.234579,0.340209,0.572957,0.000000
1772463675.561454,17.494002,0.239868,0.340209,0.527449,0.000000
1772463675.574725,17.507273,0.246396,0.339638,0.554282,0.000000
1772463675.587207,17.519756,0.243555,0.339638,0.369818,0.000000
1772463675.598734,17.531282,0.239145,0.339638,0.321724,0.000000
1772463675.611354,17.543902,0.235318,0.339638,0.332565,0.000000
1772463675.624261,17.556810,0.234184,0.350870,0.387308,0.000000
1772463675.637237,17.569786,0.228261,0.339638,0.253667,0.000000
1772463675.648965,17.581513,0.228315,0.334725,0.422860,0.000000
1772463675.661581,17.594129,0.235821,0.322835,0.577917,0.000000
1772463675.674320,17.606868,0.262553,0.322835,0.919345,0.000000
1772463675.687147,17.619695,0.272758,0.334725,0.638573,0.000000
1772463675.698984,17.631532,0.293017,0.307816,0.841038,0.000000
1772463675.711602,17.644151,0.285757,0.307816,0.341833,0.000000
1772463675.724435,17.656983,0.275903,0.307816,0.226160,0.000000
1772463675.737366,17.669914,0.265897,0.294547,0.205250,0.000000
1772463675.748998,17.681547,0.255631,0.307428,0.144284,0.000000
1772463675.761610,17.694158,0.246447,0.282984,0.205644,0.000000
1772463675.774609,17.707157,0.236571,0.282984,0.123568,0.000000
1772463675.787399,17.719947,0.227166,0.296410,0.108104,0.000000
1772463675.798991,17.731540,0.218134,0.273162,0.122825,0.000000
1772463675.811625,17.744173,0.209119,0.273162,0.079671,0.000000
1772463675.824437,17.756985,0.200638,0.286716,0.075026,0.000000
1772463675.837316,17.769864,0.192618,0.264783,0.100848,0.000000
1772463675.848879,17.781427,0.184798,0.264783,0.078933,0.000000
1772463675.861528,17.794077,0.177341,0.264783,0.075762,0.000000
1772463675.874418,17.806966,0.170321,0.264783,0.083014,0.000000
1772463675.887444,17.819992,0.163808,0.264783,0.099961,0.000000
1772463675.898911,17.831459,0.157916,0.264783,0.128682,0.000000
1772463675.911556,17.844104,0.152865,0.264783,0.173581,0.000000
1772463675.925138,17.857686,0.149153,0.264783,0.243008,0.000000
1772463675.937644,17.870193,0.147959,0.264783,0.346521,0.000000
1772463675.949011,17.881559,0.151836,0.264783,0.488432,0.000000
1772463675.961989,17.894537,0.164607,0.264783,0.660166,0.000000
1772463675.975088,17.907636,0.187685,0.264783,0.838366,0.000000
1772463675.987667,17.920215,0.215886,0.264783,0.956771,0.000000
1772463675.999060,17.931608,0.242979,0.264783,0.963292,0.000000
1772463676.011535,17.944083,0.265849,0.264783,0.905029,0.000000
1772463676.024682,17.957230,0.284591,0.264783,0.850890,0.000000
1772463676.036989,17.969537,0.300959,0.264783,0.826321,0.000000
1772463676.048885,17.981433,0.316638,0.264783,0.828508,0.000000
1772463676.061439,17.993988,0.332694,0.264783,0.848343,0.000000
1772463676.073833,18.006381,0.349562,0.264783,0.876899,0.000000
1772463676.087384,18.019933,0.367184,0.264783,0.906585,0.000000
1772463676.099314,18.031862,0.385280,0.264783,0.933235,0.000000
1772463676.112047,18.044596,0.404254,0.273162,0.962641,0.000000
1772463676.124540,18.057089,0.404002,0.273162,0.645077,0.000000
1772463676.137869,18.070417,0.394343,0.273162,0.462850,0.000000
1772463676.149244,18.081792,0.383164,0.273162,0.410806,0.000000
1772463676.161875,18.094423,0.372756,0.273162,0.416707,0.000000
1772463676.174825,18.107373,0.364561,0.273162,0.460487,0.000000
1772463676.187927,18.120475,0.361188,0.283153,0.544607,0.000000
1772463676.199725,18.132273,0.349699,0.283153,0.339124,0.000000
1772463676.213010,18.145558,0.337295,0.283153,0.280975,0.000000
1772463676.225348,18.157896,0.325468,0.283153,0.279092,0.000000
1772463676.237242,18.169791,0.314943,0.283153,0.308667,0.000000
1772463676.250141,18.182689,0.307260,0.294807,0.375451,0.000000
1772463676.262554,18.195103,0.296738,0.294807,0.258539,0.000000
1772463676.275195,18.207743,0.286114,0.294807,0.228059,0.000000
1772463676.288097,18.220645,0.276150,0.294807,0.234588,0.000000
1772463676.299357,18.231905,0.267896,0.308173,0.275865,0.000000
1772463676.312419,18.244967,0.258889,0.320608,0.211117,0.000000
1772463676.324836,18.257384,0.248850,0.320608,0.122304,0.000000
1772463676.337350,18.269898,0.238800,0.307816,0.094054,0.000000
1772463676.348941,18.281489,0.229434,0.307816,0.109375,0.000000
1772463676.361495,18.294043,0.221211,0.322835,0.143883,0.000000
1772463676.374778,18.307326,0.213178,0.322835,0.128809,0.000000
1772463676.387667,18.320215,0.205665,0.322835,0.136985,0.000000
1772463676.398970,18.331518,0.198938,0.322835,0.163249,0.000000
1772463676.411546,18.344094,0.193681,0.334725,0.211647,0.000000
1772463676.425354,18.357902,0.187699,0.322835,0.171930,0.000000
1772463676.438016,18.370564,0.184399,0.323296,0.281394,0.000000
1772463676.449342,18.381891,0.202768,0.322835,0.718751,0.000000
1772463676.461947,18.394495,0.227255,0.322835,0.839532,0.000000
1772463676.475106,18.407655,0.253408,0.318328,0.901722,0.000000
1772463676.487469,18.420017,0.268858,0.323296,0.726904,0.000000
1772463676.498873,18.431422,0.275649,0.323296,0.599499,0.000000
1772463676.511590,18.444138,0.277306,0.323296,0.515543,0.000000
1772463676.525136,18.457684,0.278464,0.323296,0.507694,0.000000
1772463676.538567,18.471115,0.281654,0.318778,0.550579,0.000000
1772463676.549332,18.481881,0.279620,0.323296,0.447228,0.000000
1772463676.562200,18.494748,0.287330,0.323296,0.623444,0.000000
1772463676.575234,18.507782,0.303798,0.308173,0.786934,0.000000
1772463676.588229,18.520777,0.304208,0.323296,0.518550,0.000000
1772463676.599313,18.531862,0.319069,0.304209,0.778067,0.000000
1772463676.612364,18.544912,0.313678,0.308173,0.428356,0.000000
1772463676.625108,18.557656,0.309289,0.308173,0.445491,0.000000
1772463676.638191,18.570740,0.307357,0.308173,0.493565,0.000000
1772463676.649173,18.581721,0.309482,0.308173,0.567893,0.000000
1772463676.662223,18.594771,0.316810,0.308173,0.656572,0.000000
1772463676.675336,18.607884,0.329824,0.308173,0.753997,0.000000
1772463676.687980,18.620528,0.346547,0.294807,0.841675,0.000000
1772463676.698835,18.631383,0.343271,0.294807,0.517326,0.000000
1772463676.711743,18.644291,0.335286,0.294807,0.406728,0.000000
1772463676.724937,18.657486,0.327136,0.294807,0.391290,0.000000
1772463676.737826,18.670374,0.320669,0.294807,0.425160,0.000000
1772463676.749564,18.682112,0.317521,0.294807,0.493603,0.000000
1772463676.763447,18.695995,0.319362,0.294807,0.585190,0.000000
1772463676.776035,18.708583,0.327809,0.294807,0.695835,0.000000
1772463676.787522,18.720071,0.342345,0.294807,0.801862,0.000000
1772463676.800533,18.733082,0.360809,0.294807,0.885843,0.000000
1772463676.811977,18.744525,0.381064,0.294807,0.942264,0.000000
1772463676.825160,18.757708,0.401545,0.294807,0.970998,0.000000
1772463676.837211,18.769759,0.420847,0.283153,0.978939,0.000000
1772463676.849968,18.782516,0.421237,0.283153,0.659365,0.000000
1772463676.862708,18.795257,0.411585,0.283153,0.473144,0.000000
